s,d__001,d__002,d__010
NSE:JPPOWER,,JPPOWER,JAIPRAKASH POWER
NSE:JPASSOCIAT,,JPASSOCIAT,JAIPRAKASH ASSOCIA
NSE:SAIL,steel-authority-of-india,SAIL,STEEL AUTHOR INDIA
NSE:ALOKINDS,alok-industries,ALOKINDS,ALOK INDUSTRIES LTD
NSE:IDEA,vodafone-idea,IDEA,VODAFONE IDEA LTD
NSE:NBCC,nbcc-india,NBCC,NBCC (INDIA) LTD
NSE:YESBANK,yes-bank,YESBANK,YES BANK
NSE:FCONSUMER,future-consumer-lt,FCONSUMER,FUTURE CONSUMER LTD
NSE:GTLINFRA,,GTLINFRA,GTL INFRASTRUCTURE
NSE:RPOWER,,RPOWER,RELIANCE POWER
NSE:RTNPOWER,,RTNPOWER,RATTANINDIA POWER
NSE:PNB,punjab-natl-bank,PNB,PUNJAB NATL BANK
NSE:COALINDIA,coal-india,COALINDIA,COAL INDIA LTD
NSE:TATAPOWER,tata,TATAPOWER,TATA POWER CO LTD
NSE:BHEL,bharat-heavy-electricals,BHEL,BHARAT HEAVY ELECT
NSE:IBULHSGFIN,indiabulls,IBULHSGFIN,INDIABULLS HOUSING
NSE:SUZLON,suzlon-energy,SUZLON,SUZLON ENERGY LTD
NSE:MARKSANS,marksans-pharma,MARKSANS,MARKSANS PHARMA LTD
NSE:BANKBARODA,bank-of-baroda,BANKBARODA,BK OF BARODA
NSE:TATAMOTORS,tata,TATAMOTORS,TATA MOTORS LTD.
NSE:ASHOKLEY,ashok-leyland,ASHOKLEY,ASHOK LEYLAND
NSE:ADANIPOWER,adani-power,ADANIPOWER,ADANI POWER LTD
NSE:SINTEX,,SINTEX,SINTEX INDUSTRIES
NSE:TV18BRDCST,tv18-broadcast,TV18BRDCST,TV18 BROADCAST LTD
NSE:NHPC,nhpc,NHPC,NHPC LTD
NSE:HATHWAY,hathway,HATHWAY,HATHWAY CABLE & DA
NSE:RELINFRA,,RELINFRA,RELIANCE INFRASTRU
NSE:SBIN,state-bank,SBIN,STATE BK OF INDIA
NSE:GAIL,gail,GAIL,GAIL INDIA LTD
NSE:IDFCFIRSTB,idfc-first-bank,IDFCFIRSTB,IDFC FIRST BANK
NSE:3IINFOTECH,,3IINFOTECH,3I INFOTECH LTD
NSE:BOMDYEING,bombay-dyeing,BOMDYEING,BOMBAY DYEING &MFG
NSE:NATIONALUM,national-aluminum,NATIONALUM,NATIONAL ALUMINUM
NSE:NCC,ncc,NCC,NCC LTD
NSE:VAKRANGEE,vakrangee,VAKRANGEE,VAKRANGEE LTD
NSE:HUDCO,housing-urban-dev,HUDCO,HOUSING & URBAN
NSE:VIKASPROP,,VIKASPROP,VIKAS PROP & GRANITE LTD
NSE:ITC,itc,ITC,ITC LTD
NSE:IOB,indian-overseas-bank,IOB,INDIAN OVERSEAS BK
NSE:TRIDENT,trident,TRIDENT,TRIDENT LTD
NSE:RELCAPITAL,,RELCAPITAL,RELIANCE CAPITAL
NSE:BCG,,BCG,BRIGHTCOM GROUP
NSE:NMDC,nmdc,NMDC,NMDC LTD
NSE:ONGC,oil-and-natural-gas,ONGC,OIL & NATURAL GAS
NSE:GREENPOWER,,GREENPOWER,ORIENT GREEN POWER
NSE:INFIBEAM,infibeam-avenues,INFIBEAM,INFIBEAM AVENUES L
NSE:SANWARIA,,SANWARIA,SANWARIA CONSUMER
NSE:POWERGRID,power-grid,POWERGRID,POWER GRID CORP
NSE:JINDALSTEL,jindal,JINDALSTEL,JINDAL STEEL & PWR
NSE:NETWORK18,network-18-media,NETWORK18,NETWORK 18 MEDIA
NSE:BAJAJHIND,,BAJAJHIND,BAJAJ HINDUSTHAN S
NSE:IRFC,,IRFC,INDIAN RAILWAY FIN CORP L
NSE:TATASTEEL,tata,TATASTEEL,TATA STEEL LTD
NSE:IOC,indian-oil,IOC,INDIAN OIL CORP
NSE:UNIONBANK,union-bank-of-india,UNIONBANK,UNION BK OF INDIA
NSE:HFCL,himachal-futuristics,HFCL,HFCL LTD
NSE:DEN,,DEN,DEN NETWORKS LTD
NSE:ADANIPORTS,adani,ADANIPORTS,ADANI PORT SPECIAL
NSE:FCSSOFT,,FCSSOFT,FCS SOFTWARE SOLUT
NSE:FEDERALBNK,fed-bank,FEDERALBNK,FED BANK
NSE:FRETAIL,future-retail,FRETAIL,FUTURE RETAIL LTD
NSE:IBREALEST,indiabulls,IBREALEST,INDIABULLS REAL EST
NSE:L_TFH,l-and-t-finance,L_TFH,L&T FINANCE HOLDIN
NSE:NTPC,ntpc,NTPC,NTPC LTD
NSE:SOUTHBANK,south-indian-bank,SOUTHBANK,SOUTH INDIA BANK
NSE:JMTAUTOLTD,,JMTAUTOLTD,JMT AUTO LTD
NSE:IRB,irb-infrastructure,IRB,IRB INFRASTRUCTURE
NSE:URJA,,URJA,URJA GLOBAL LTD
NSE:GAYAPROJ,,GAYAPROJ,GAYATRI PROJECTS
NSE:TATASTLBSL,tata,TATASTLBSL,TATA STEEL BSL LTD
NSE:DLF,dlf,DLF,DLF LTD
NSE:JISLJALEQS,,JISLJALEQS,JAIN IRRIGATION
NSE:ZEEL,zee-entertain,ZEEL,ZEE ENTERTAIN ENT
NSE:GMDCLTD,gujarat-mineral-development-co,GMDCLTD,GUJARAT MINERAL DE
NSE:VEDL,steel-dynamics,VEDL,VEDANTA LTD
NSE:MOTHERSUMI,motherson,MOTHERSUMI,MOTHERSON SUMI SYS
NSE:JSWSTEEL,jsw,JSWSTEEL,JSW STEEL LTD
NSE:SPTL,,SPTL,SINTEX PLASTICS TE
NSE:RVNL,,RVNL,RAIL VIKAS NIGAM
NSE:NECLIFE,,NECLIFE,NECTAR LIFESCIENCE
NSE:SANGHIIND,,SANGHIIND,SANGHI INDUSTRIES
NSE:JAICORPLTD,,JAICORPLTD,JAI CORP LTD
NSE:ZEEMEDIA,,ZEEMEDIA,ZEE MEDIA CORP
NSE:HINDCOPPER,hindustan-copper,HINDCOPPER,HINDUSTAN COPPER
NSE:HINDALCO,hindalco,HINDALCO,HINDALCO INDS
NSE:GMRINFRA,gmr,GMRINFRA,GMR INFRASTRUCTURE
NSE:UJAAS,,UJAAS,UJAAS ENERGY LTD
NSE:CADILAHC,cadila-healthcare,CADILAHC,CADILA HEALTHCARE
NSE:BRFL,,BRFL,BOMBAY RAYON FASHIONS LTD
NSE:IDBI,idbi-bank,IDBI,IDBI BANK LTD
NSE:SUBEXLTD,,SUBEXLTD,SUBEX LTD
NSE:RCOM,reliance-comm,RCOM,RELIANCE COMM LTD
NSE:ICICIBANK,icici-bank,ICICIBANK,ICICI BANK
NSE:MAHABANK,,MAHABANK,BK OF MAHARASHTRA
NSE:VRLLOG,vrl-logistics,VRLLOG,VRL LOGISTICS LTD
NSE:LICHSGFIN,lic-housing,LICHSGFIN,LIC HOUSING FINAN
NSE:INDSWFTLAB,,INDSWFTLAB,IND SWIFT LABS
NSE:UNITECH,,UNITECH,UNITECH LTD
NSE:RBLBANK,rbl-bank,RBLBANK,RBL BANK LTD
NSE:WABAG,va-tech-wabag,WABAG,VA TECH WABAG LTD
NSE:HCC,,HCC,HINDUSTAN CONSTRUC
NSE:ASHOKA,ashoka-buildcon-lt,ASHOKA,ASHOKA BUILDCON LTD
NSE:HSCL,himadri-speciality,HSCL,HIMADRI SPECIALITY
NSE:CUB,city-union-bank,CUB,CITY UNION BANK
NSE:UJJIVANSFB,,UJJIVANSFB,UJJIVAN SMALL FINANC BANK
NSE:RADIOCITY,,RADIOCITY,MUSIC BROADCAST
NSE:DISHTV,dish-tv-india,DISHTV,DISH TV INDIA LTD
NSE:DCBBANK,dcb-bank,DCBBANK,DCB BANK LTD
NSE:CANBK,canara-bank,CANBK,CANARA BANK
NSE:JSL,,JSL,JINDAL STAINLESS
NSE:BHARTIARTL,airtel,BHARTIARTL,BHARTI AIRTEL LTD
NSE:TATACOFFEE,tata,TATACOFFEE,TATA COFFEE
NSE:PETRONET,petronet-lng,PETRONET,PETRONET LNG
NSE:CENTRUM,,CENTRUM,CENTRUM CAPITAL
NSE:UCOBANK,uco-bank,UCOBANK,UCO BANK
NSE:UTTAMSTL,,UTTAMSTL,UTTAM GALVA STEELS
NSE:HCL_INSYS,,HCL_INSYS,HCL INFOSYSTEMS
NSE:VIKASLIFE,,VIKASLIFE,VIKAS LIFECARE LTD
NSE:AUROPHARMA,aurobindo,AUROPHARMA,AUROBINDO PHARMA
NSE:CENTRALBK,,CENTRALBK,CENTRAL BANK OF IN
NSE:GREAVESCOT,greaves-cotton,GREAVESCOT,GREAVES COTTON LTD
NSE:RELIANCE,reliance,RELIANCE,RELIANCE INDS
NSE:MERCATOR,,MERCATOR,MERCATOR LTD
NSE:NLCINDIA,,NLCINDIA,NLC INDIA LTD
NSE:INFY,infosys,INFY,INFOSYS LTD
NSE:KMSUGAR,,KMSUGAR,KM SUGAR MILLS LTD
NSE:JSWENERGY,jsw-energy,JSWENERGY,JSW ENERGY LTD
NSE:FSL,firstsource-solutions,FSL,FIRSTSOURCE SOLUTI
NSE:SAKUMA,,SAKUMA,SAKUMA EXPORTS LTD
NSE:MRPL,mangalore-ref-and-pet,MRPL,MANGALORE REF &PET
NSE:WELSPUNIND,welspun-india,WELSPUNIND,WELSPUN INDIA
NSE:MMTC,,MMTC,MMTC
NSE:RANASUG,,RANASUG,RANA SUGARS LTD
NSE:TIRUMALCHM,,TIRUMALCHM,THIRUMALAI CHEM
NSE:PFC,power-finance,PFC,POWER FINANCE CORP
NSE:WIPRO,wipro,WIPRO,WIPRO LTD
NSE:ADANIENT,adani,ADANIENT,ADANI ENTERPRISES
NSE:M_MFIN,mahindra-finance,M_MFIN,MAHINDRA &MAH FIN
NSE:RECLTD,rec,RECLTD,REC LTD
NSE:GLENMARK,glenmark,GLENMARK,GLENMARK PHARM
NSE:VIVIDHA,,VIVIDHA,VISAGAR POLYTEX
NSE:MOREPENLAB,,MOREPENLAB,MOREPEN LABORATORI
NSE:HINDPETRO,hindustan-petroleum,HINDPETRO,HINDUSTAN PETROL
NSE:BSOFT,birlasoft-india,BSOFT,BIRLASOFT (INDIA)
NSE:GIPCL,,GIPCL,GUJARAT IND POWER
NSE:PFS,,PFS,PTC INDIA FINANCIA
NSE:TECHM,mahindra-tech,TECHM,TECH MAHINDRA
NSE:TNPETRO,,TNPETRO,TAMILNADU PETRO PR
NSE:BEL,bharat-electronics,BEL,BHARAT ELECTRONICS
NSE:HCLTECH,hcl-technologies,HCLTECH,HCL TECHNOLOGIES
NSE:PATELENG,,PATELENG,PATEL ENGINEERING
NSE:CEREBRAINT,,CEREBRAINT,CEREBRA INTEGRATED
NSE:ITDCEM,,ITDCEM,ITD CEMENTATION IN
NSE:GPPL,,GPPL,GUJARAT PIPAVAV PO
NSE:DWARKESH,,DWARKESH,DWARIKESH SUGAR IN
NSE:FEL,,FEL,FUTURE ENTERPRISES
NSE:APOLLOTYRE,apollo-tyres,APOLLOTYRE,APOLLO TYRES
NSE:AXISBANK,axis-bank,AXISBANK,AXIS BANK
NSE:FILATEX,,FILATEX,FILATEX INDIA
NSE:IFCI,,IFCI,IFCI LTD
NSE:DEEPAKFERT,deepak-fertilisers-and-petrochem,DEEPAKFERT,DEEPAK FERTILISERS
NSE:NFL,,NFL,NATIONAL FERTILIZE
NSE:XCHANGING,,XCHANGING,XCHANGING SOLUTION
NSE:BFUTILITIE,,BFUTILITIE,BF UTILITIES LTD
NSE:CENTEXT,,CENTEXT,CENTURY EXTRUSIONS
NSE:CHAMBLFERT,chambal-fertilisers-and-chemical,CHAMBLFERT,CHAMBAL FERTILISER
NSE:NBVENTURES,,NBVENTURES,NAVA BHARAT VENTUR
NSE:RAJRAYON,,RAJRAYON,RAJ RAYON INDUSTRI
NSE:BAJFINANCE,bajaj-finance,BAJFINANCE,BAJAJ FINANCE LTD
NSE:MIRCELECTR,,MIRCELECTR,MIRC ELECTRONICS
NSE:BURGERKING,,BURGERKING,BURGER KING INDIA LTD
NSE:RIIL,,RIIL,RELIANCE IND INFRA
NSE:SUNPHARMA,sun-pharmaceutical,SUNPHARMA,SUN PHARMACEUTICAL
NSE:AUBANK,,AUBANK,AU SMALL FINANCE B
NSE:PEL,piramal,PEL,PIRAMAL ENTERPRISE
NSE:ROLTA,,ROLTA,ROLTA INDIA
NSE:BANKINDIA,bank-of-india,BANKINDIA,BK OF INDIA
NSE:CONFIPET,,CONFIPET,CONFIDENCE PETRO IND LTD.
NSE:SREINFRA,,SREINFRA,SREI INFRASTRUCTUR
NSE:HDFCBANK,hdfc-bank,HDFCBANK,HDFC BANK
NSE:LGBBROSLTD,,LGBBROSLTD,LG BALAKRISHNA & B
NSE:BPCL,bharat-petroleum,BPCL,BHARAT PETROL CORP
NSE:EASEMYTRIP,,EASEMYTRIP,EASY TRIP PLANNERS LTD
NSE:RAILTEL,,RAILTEL,RAILTEL CORP OF IND LTD
NSE:CIPLA,cipla,CIPLA,CIPLA LTD
NSE:BIOCON,biocon,BIOCON,BIOCON LTD
NSE:ZEELEARN,,ZEELEARN,ZEE LEARN LTD
NSE:TCS,tata,TCS,TATA CONSULTANCY S
NSE:HINDZINC,hindustan-zinc,HINDZINC,HINDUSTAN ZINC
NSE:CANFINHOME,can-fin-homes,CANFINHOME,CANFIN HOMES
NSE:EDELWEISS,edelweiss-fin-serv,EDELWEISS,EDELWEISS FIN SERV
NSE:PRAKASH,,PRAKASH,PRAKASH INDUSTRIES
NSE:PILITA,,PILITA,PIL ITALICA LIFEST
NSE:ASTERDM,aster-dm-healthcare,ASTERDM,ASTER DM HEALTHCAR
NSE:BHARATFORG,bharat-forge,BHARATFORG,BHARAT FORGE
NSE:IGL,indraprastha-gas,IGL,INDRAPRASTHA GAS
NSE:MANAPPURAM,manappuram-finance,MANAPPURAM,MANAPPURAM FINANCE
NSE:DBREALTY,,DBREALTY,DB REALTY LTD
NSE:SNOWMAN,,SNOWMAN,SNOWMAN LOGISTICS
NSE:FORTIS,fortis-healthcare,FORTIS,FORTIS HLTH (INDIA
NSE:RELIGARE,,RELIGARE,RELIGARE ENTERPRIS
NSE:CHOLAFIN,cholamandalam,CHOLAFIN,CHOLAMANDALAM INV
NSE:LAURUSLABS,laurus-labs,LAURUSLABS,LAURUS LABS LTD
NSE:TEXRAIL,,TEXRAIL,TEXMACO RAIL & ENG
NSE:SKIPPER,,SKIPPER,SKIPPER LTD
NSE:SPICEJET,spicejet,SPICEJET,SPICEJET LTD
NSE:BANDHANBNK,bandhan-bank,BANDHANBNK,BANDHAN BANK LTD
NSE:JINDALSAW,jindal-saw,JINDALSAW,JINDAL SAW LTD
NSE:JUMPNET,,JUMPNET,JUMP NETWORKS LTD
NSE:ENGINERSIN,engineers-india,ENGINERSIN,ENGINEERS INDIA
NSE:MAZDOCK,,MAZDOCK,MAZAGON DOCK SHIPBUIL LTD
NSE:USHAMART,,USHAMART,USHA MARTIN
NSE:GENUSPAPER,,GENUSPAPER,GENUS PAPER AND BO
NSE:GODREJCP,godrej,GODREJCP,GODREJ CONSUMER PR
NSE:INDUSINDBK,indusind-bank,INDUSINDBK,INDUSIND BANK LTD
NSE:KELLTONTEC,,KELLTONTEC,KELLTON TECH SOLU
NSE:LXCHEM,,LXCHEM,LAXMI ORGANIC INDUS LTD
NSE:MANINFRA,,MANINFRA,MAN INFRACONSTRUCT
NSE:EXIDEIND,exide,EXIDEIND,EXIDE INDUSTRIES
NSE:J_KBANK,,J_KBANK,JAMMU & KASHMIR BA
NSE:NAVKARCORP,,NAVKARCORP,NAVKAR CORPORATION
NSE:INDHOTEL,indian-hotels,INDHOTEL,INDIAN HOTELS
NSE:DHFL,,DHFL,DEWAN HOUSING FIN
NSE:KALYANKJIL,,KALYANKJIL,KALYAN JEWELLERS IND LTD
NSE:ESCORTS,escorts,ESCORTS,ESCORTS
NSE:UPL,upl,UPL,UPL LTD
NSE:AJMERA,,AJMERA,AJMERA REALTY & IN
NSE:ABCAPITAL,aditya-birla-capital,ABCAPITAL,ADITYA BIRLA CAPIT
NSE:MTEDUCARE,,MTEDUCARE,MT EDUCARE LTD
NSE:GRANULES,granules,GRANULES,GRANULES INDIA
NSE:MSTCLTD,,MSTCLTD,MSTC LTD
NSE:DLINKINDIA,d-link,DLINKINDIA,D-LINK (INDIA)LTD
NSE:MIRZAINT,,MIRZAINT,MIRZA INTERNATIONA
NSE:HDFC,housing-development,HDFC,HOUSING DEVEL FIN
NSE:DCW,,DCW,DCW
NSE:IDFC,idfc,IDFC,IDFC LTD
NSE:RAIN,rain-industries,RAIN,RAIN INDUSTRIES LTD
NSE:THYROCARE,thyrocare,THYROCARE,THYROCARE TECHNOL
NSE:PGINVIT,,PGINVIT,POWERGRID INFRA. INVITS
NSE:RTNINDIA,,RTNINDIA,RATTANINDIA ENT LTD
NSE:ZUARI,,ZUARI,ZUARI AGRO CHEMICA
NSE:UJJIVAN,ujjivan,UJJIVAN,UJJIVAN FIN SERV
NSE:JMCPROJECT,,JMCPROJECT,JMC PROJECTS IND
NSE:SHRENIK,,SHRENIK,SHRENIK LTD
NSE:MOTILALOFS,,MOTILALOFS,MOTILAL OSWAL FINA
NSE:LEMONTREE,,LEMONTREE,LEMON TREE HOTELS
NSE:MAJESCO,,MAJESCO,MAJESCO LTD
NSE:TATACONSUM,tata,TATACONSUM,TATA CONSUMER PRODUCT LTD
NSE:PTC,ptc-india,PTC,PTC INDIA LTD
NSE:PCJEWELLER,pc-jeweller-limite,PCJEWELLER,PC JEWELLER LTD
NSE:KRBL,krbl,KRBL,KRBL LTD
NSE:RSSOFTWARE,,RSSOFTWARE,RS SOFTWARE (I)
NSE:CONCOR,container,CONCOR,CONTAINER CORP
NSE:GSFC,gujarat-state-fertilizers-and-ch,GSFC,GUJARAT STATE FER
NSE:PURVA,,PURVA,PURAVANKARA LTD
NSE:STAR,strides-pharma,STAR,STRIDES PHARMA SCI
NSE:MCDOWELL_N,united-spirits,MCDOWELL_N,UNITED SPIRITS
NSE:SWSOLAR,,SWSOLAR,STERLING & WILSON SO LTD
NSE:GREENPLY,,GREENPLY,GREENPLY INDUSTRIE
NSE:VIKASWSP,,VIKASWSP,VIKAS WSP
NSE:LIKHITHA,,LIKHITHA,LIKHITHA INFRASTRUC LTD
NSE:DFMFOODS,,DFMFOODS,D F M FOODS
NSE:TATAMTRDVR,tata,TATAMTRDVR,TATA MOTORS LTD.
NSE:MPHASIS,mphasis,MPHASIS,MPHASIS LTD
NSE:GUJGASLTD,gujarat-gas,GUJGASLTD,GUJARAT GAS LTD
NSE:ISEC,icici-securities-l,ISEC,ICICI SEC. LTD
NSE:BIRLACABLE,,BIRLACABLE,BIRLA CABLE LTD
NSE:RICOAUTO,,RICOAUTO,RICO AUTO INDS
NSE:JSLHISAR,,JSLHISAR,JINDAL STAINLESS (
NSE:TRIGYN,,TRIGYN,TRIGYN TECHNOLOGIE
NSE:JUSTDIAL,just-dial,JUSTDIAL,JUST DIAL LTD
NSE:RCF,rashtriya-chemicals-and-fertilizers,RCF,RASHTRIYA CHEM & F
NSE:MOIL,moil,MOIL,MOIL LTD
NSE:INDIANB,indian-bank,INDIANB,INDIAN BANK
NSE:COMPUSOFT,,COMPUSOFT,COMPUCOM SOFTWARE
NSE:NILASPACES,,NILASPACES,NILA SPACES LTD
NSE:IEX,indian-energy-exchange,IEX,INDIAN ENERGY EXCH
NSE:ALEMBICLTD,alembic,ALEMBICLTD,ALEMBIC LTD
NSE:JAMNAAUTO,jamna-auto-ind,JAMNAAUTO,JAMNA AUTO IND
NSE:GATI,,GATI,GATI LTD
NSE:ADANIGREEN,adani,ADANIGREEN,ADANI GREEN ENERGY
NSE:ASTRAMICRO,astra-microwave-products,ASTRAMICRO,ASTRA MICROWAVE PR
NSE:SRTRANSFIN,shriram,SRTRANSFIN,SHRIRAM TRANSPORT
NSE:JKTYRE,jk-tyre-and-industries,JKTYRE,JK TYRE&INDUSTRIES
NSE:NIITLTD,niit,NIITLTD,NIIT
NSE:SPIC,,SPIC,SOUTHERN PETROCHEM
NSE:VIPIND,vip-industries,VIPIND,VIP INDUSTRIES
NSE:SJVN,,SJVN,SJVN LTD
NSE:VASCONEQ,,VASCONEQ,VASCON ENGINEERS L
NSE:HERANBA,,HERANBA,HERANBA INDUSTRIES LTD
NSE:COFFEEDAY,,COFFEEDAY,COFFEE DAY ENTERPR
NSE:APLLTD,alembic,APLLTD,ALEMBIC PHARMACEUT
NSE:BODALCHEM,,BODALCHEM,BODAL CHEMICALS
NSE:JPINFRATEC,,JPINFRATEC,JAYPEE INFRATECH L
NSE:CGPOWER,cg-power-and-industrial-solutions,CGPOWER,CG POWER AND INDUS
NSE:VIVIMEDLAB,,VIVIMEDLAB,VIVIMED LABS LTD
NSE:PUNJLLOYD,,PUNJLLOYD,PUNJ LLOYD LTD
NSE:KCPSUGIND,,KCPSUGIND,KCP SUGAR & INDUST
NSE:HDFCLIFE,hdfc-life,HDFCLIFE,HDFC LIFE INSURANC
NSE:IRCON,ircon-international,IRCON,IRCON INTERNATIONA
NSE:M_M,mahindra,M_M,MAHINDRA &MAHINDRA
NSE:TTML,,TTML,TATA TELESERVICES
NSE:LT,larsen-and-toubro,LT,LARSEN & TOUBRO
NSE:RENUKA,,RENUKA,SHREE RENUKA SUGAR
NSE:ACCELYA,,ACCELYA,ACCELYA SOLUTIONS
NSE:A2ZINFRA,,A2ZINFRA,A2Z INFRA ENGINEER
NSE:TFCILTD,,TFCILTD,TOURISM FIN CORP
NSE:ARVIND,arvind,ARVIND,ARVIND LTD
NSE:PRECAM,,PRECAM,PRECISION CAMSHAF
NSE:JSWISPL,,JSWISPL,JSW ISPAT SPE PRO LTD
NSE:ZENTEC,,ZENTEC,ZEN TECHNOLOGIES
NSE:SUNTV,sun-tv,SUNTV,SUN TV NETWORK LTD
NSE:LSIL,,LSIL,LLOYDS STEELS INDU
NSE:TORNTPOWER,torrent-power,TORNTPOWER,TORRENT POWER
NSE:MTNL,,MTNL,MAHANAGAR TELEP NI
NSE:TATACHEM,tata,TATACHEM,TATA CHEMICALS
NSE:MGL,mahanagar-gas,MGL,MAHANAGAR GAS LTD
NSE:OIL,oil-india,OIL,OIL INDIA LTD
NSE:ORIENTPPR,,ORIENTPPR,ORIENT PAPER & IND
NSE:PENIND,,PENIND,PENNAR INDUSTRIES
NSE:INDBANK,,INDBANK,INDBANK MERCH BANK
NSE:MCLEODRUSS,,MCLEODRUSS,MCLEOD RUSSEL INDI
NSE:KTKBANK,karnataka-bank,KTKBANK,KARNATAKA BANK
NSE:TWL,,TWL,TITAGARH WAGONS
NSE:COCHINSHIP,cochin-shipyard,COCHINSHIP,COCHIN SHIPYARD LTD
NSE:KOTAKBANK,kotak-mahindra-bank,KOTAKBANK,KOTAK MAHINDRA BAN
NSE:ABFRL,aditya-birla-fash,ABFRL,ADITYA BIRLA FASH
NSE:TINPLATE,,TINPLATE,TINPLATE CO INDIA
NSE:SPARC,sun-pharma-adv,SPARC,SUN PHARMA ADV
NSE:JKPAPER,jk-paper,JKPAPER,JK PAPER LTD
NSE:SICAL,,SICAL,SICAL LOGISTICS
NSE:SCI,shipping,SCI,SHIPPING CP INDIA
NSE:TAKE,,TAKE,TAKE SOLUTIONS
NSE:SUNFLAG,,SUNFLAG,SUNFLAG IRON & STE
NSE:BALAJITELE,,BALAJITELE,BALAJI TELEFILMS
NSE:NOIDATOLL,,NOIDATOLL,NOIDA TOLL BRIDGE
NSE:DRREDDY,dr-reddys,DRREDDY,DR REDDYS LABS
NSE:HAVELLS,havells,HAVELLS,HAVELLS INDIA
NSE:RITES,rites,RITES,RITES LTD
NSE:AMBUJACEM,ambuja-cements,AMBUJACEM,AMBUJA CEMENTS LTD
NSE:HAPPSTMNDS,,HAPPSTMNDS,HAPPIEST MINDS TECHNO LTD
NSE:INDOSTAR,,INDOSTAR,INDOSTAR CAP FIN
NSE:SALZERELEC,,SALZERELEC,SALZER ELECTRONICS
NSE:JAGSNPHARM,,JAGSNPHARM,JAGSONPAL PHARMACE
NSE:NOVARTIND,novartis,NOVARTIND,NOVARTIS INDIA
NSE:PARAGMILK,parag-milk-foods,PARAGMILK,PARAG MILK FOODS
NSE:DAAWAT,l-t-foods,DAAWAT,L.T. FOODS LTD
NSE:ICICIPRULI,icici-prudential-life-insurance,ICICIPRULI,ICICI PRUDENTIAL L
NSE:KARURVYSYA,karur-vysya-bank,KARURVYSYA,KARUR VYSYA BANK
NSE:WELCORP,welspun,WELCORP,WELSPUN CORP LTD
NSE:TIMETECHNO,,TIMETECHNO,TIME TECHNOPLAST
NSE:CASTROLIND,castrol-india,CASTROLIND,CASTROL INDIA
NSE:RALLIS,rallis-india,RALLIS,RALLIS INDIA LTD
NSE:JKIL,,JKIL,J KUMAR INFAPROJEC
NSE:VGUARD,v-guard,VGUARD,V-GUARD INDUSTRIES
NSE:HBLPOWER,,HBLPOWER,HBL POWER SYSTEMS
NSE:JMFINANCIL,jm-financial,JMFINANCIL,JM FINANCIAL
NSE:CALSOFT,,CALSOFT,CALIFORNIA SOFTWAR
NSE:SUVENPHAR,,SUVENPHAR,SUVEN PHARMACEUTICALS LTD
NSE:MAXHEALTH,,MAXHEALTH,MAX HEALTHCARE INS LTD
NSE:SHRIRAMEPC,,SHRIRAMEPC,SHRIRAM EPC LTD
NSE:MINDAIND,minda-industries,MINDAIND,MINDA INDUSTRIES
NSE:CUMMINSIND,cummins,CUMMINSIND,CUMMINS INDIA
NSE:SUVEN,,SUVEN,SUVEN LIFE SCIENCE
NSE:NITCO,,NITCO,NITCO LTD
NSE:TRIVENI,,TRIVENI,TRIVENI ENGINEERIN
NSE:HINDMOTORS,,HINDMOTORS,HINDUSTAN MOTORS
NSE:FMGOETZE,,FMGOETZE,FED MOGUL GOETZE
NSE:DBCORP,,DBCORP,D B CORP LTD
NSE:CARERATING,,CARERATING,CARE RATINGS LTD
NSE:DELTACORP,delta-air-lines,DELTACORP,DELTA CORP LTD
NSE:FLFL,future-lifestyle-fashions,FLFL,FUTURE LIFESTYLE F
NSE:CROMPTON,crompton-greaves-consumer-elec,CROMPTON,CROMPTON GREAVES C
NSE:OPTOCIRCUI,,OPTOCIRCUI,OPTO CIRCUITS IND
NSE:SPENCERS,,SPENCERS,SPENCERS RETAIL
NSE:ALLCARGO,allcargo-logistics,ALLCARGO,ALLCARGO LOGISTICS
NSE:INVENTURE,,INVENTURE,INVENTURE GROWTH &
NSE:HINDUNILVR,unilever,HINDUNILVR,HINDUSTAN UNILEVER
NSE:PHILIPCARB,phillips-carbon-black,PHILIPCARB,PHILLIPS CARBON BL
NSE:GLOBUSSPR,globus-spirits,GLOBUSSPR,GLOBUS SPIRITS LTD
NSE:SADBHIN,,SADBHIN,SADBHAV INFRA PROJ
NSE:DHANI,indiabulls,DHANI,DHANI SERVICES LTD
NSE:GET_D,,GET_D,GE T&D INDIA LTD
NSE:MAGMA,,MAGMA,MAGMA FINCORP LTD
NSE:LUPIN,lupin,LUPIN,LUPIN LTD
NSE:RHFL,,RHFL,RELIANCE HOME FIN
NSE:HINDOILEXP,,HINDOILEXP,HINDUSTAN OIL EXPL
NSE:RAMANEWS,,RAMANEWS,SHREE RAMA NEWSPRI
NSE:ANSALAPI,,ANSALAPI,ANSAL PROPS & INFR
NSE:WESTLIFE,westlife-development,WESTLIFE,WESTLIFE DEVELOPMENT LTD
NSE:MFSL,max-financial,MFSL,MAX FINANCIAL SERV
NSE:SADBHAV,,SADBHAV,SADBHAV ENGINEERIN
NSE:PRICOLLTD,,PRICOLLTD,PRICOL LTD
NSE:CAMS,,CAMS,COMPUTER AGE MNGT SER LTD
NSE:ELECTCAST,,ELECTCAST,ELECTROSTEEL CAST
NSE:STARCEMENT,,STARCEMENT,STAR CEMENT LTD
NSE:ASIANTILES,,ASIANTILES,ASIAN GRANITO INDI
NSE:INDOSOLAR,,INDOSOLAR,INDOSOLAR LTD
NSE:EQUITAS,equitas,EQUITAS,EQUITAS HOLDINGS
NSE:VOLTAS,voltas,VOLTAS,VOLTAS LTD
NSE:BEPL,bhansali-engineering-polymers,BEPL,BHANSALI ENG POLYM
NSE:SITINET,,SITINET,SITI NETWORKS LTD
NSE:MUTHOOTFIN,muthoot-finance,MUTHOOTFIN,MUTHOOT FINANCE LTD
NSE:OBEROIRLTY,oberoi-realty,OBEROIRLTY,OBEROI REALTY LTD
NSE:MEP,,MEP,MEP INFRASTRUCTURE
NSE:PSB,,PSB,PUNJAB & SIND BANK
NSE:PPAP,,PPAP,PPAP AUTOMOTIVE LTD
NSE:DABUR,dabur,DABUR,DABUR INDIA LTD
NSE:ROSSELLIND,,ROSSELLIND,ROSSELL INDIA LTD
NSE:KOPRAN,,KOPRAN,KOPRAN LTD
NSE:GAL,,GAL,GYSCOAL ALLOYS LTD
NSE:ATGL,adani,ATGL,ADANI TOTAL GAS LTD
NSE:KOLTEPATIL,,KOLTEPATIL,KOLTE-PATIL DEVELO
NSE:ELECON,,ELECON,ELECON ENGINEERING
NSE:DHANBANK,,DHANBANK,DHANLAXMI BANK LTD
NSE:AEGISCHEM,aegis-logistics,AEGISCHEM,AEGIS LOGISTICS
NSE:DECCANCE,,DECCANCE,DECCAN CEMENT
NSE:HEMIPROP,,HEMIPROP,HEMISPHERE PROP IND LTD
NSE:KESORAMIND,,KESORAMIND,KESORAM INDUSTRIES
NSE:KHADIM,,KHADIM,KHADIM INDIA LTD
NSE:NH,,NH,NARAYANA HRUDAYALA
NSE:KOKUYOCMLN,,KOKUYOCMLN,KOKUYO CAMLIN LTD
NSE:VBL,varun-beverages,VBL,VARUN BEVERAGES
NSE:MARINE,,MARINE,MARINE ELECTRICAL (I) LTD
NSE:GRASIM,grasim,GRASIM,GRASIM INDUSTRIES
NSE:HDIL,,HDIL,HOUSING DEVELOPMEN
NSE:ZUARIGLOB,,ZUARIGLOB,ZUARI GLOBAL LTD
NSE:NAM_INDIA,,NAM_INDIA,NIPPON L I A M LTD
NSE:PRAENG,,PRAENG,PRAJAY ENGINEERS S
NSE:TATACOMM,tata,TATACOMM,TATA COMMUNICATION
NSE:PARACABLES,,PARACABLES,PARAMOUNT COMMUNIC
NSE:INDIACEM,india-cements,INDIACEM,INDIA CEMENTS
NSE:PARSVNATH,,PARSVNATH,PARSVNATH DEVELOPE
NSE:INDRAMEDCO,,INDRAMEDCO,INDRAPRASTHS MEDIC
NSE:AXISCADES,,AXISCADES,AXISCADES TECHNOLO
NSE:PANACEABIO,panacea-biotec,PANACEABIO,PANACEA BIOTEC LTD
NSE:AARTIIND,aarti-industries,AARTIIND,AARTI IND LTD
NSE:DEEPAKNTR,deepak-nitrite,DEEPAKNTR,DEEPAK NITRITE
NSE:HTMEDIA,,HTMEDIA,HT MEDIA LTD
NSE:MAYURUNIQ,,MAYURUNIQ,MAYUR UNIQUOTERS L
NSE:REDINGTON,redington-india,REDINGTON,REDINGTON INDIA LTD
NSE:IRCTC,,IRCTC,INDIAN RAIL TOUR CORP LTD
NSE:SBILIFE,sbi-life-insurance,SBILIFE,SBI LIFE INSURANCE
NSE:BCP,,BCP,B.C. POWER CONTROLS LTD
NSE:NIACL,the-new-india-assu,NIACL,THE NEW INDIA ASSU
NSE:HARRMALAYA,,HARRMALAYA,HARRISONS MALAYALA
NSE:ASIANPAINT,asian-paints,ASIANPAINT,ASIAN PAINTS LTD
NSE:BFINVEST,,BFINVEST,BF INVESTMENT LTD
NSE:DGCONTENT,,DGCONTENT,DIGICONTENT LTD
NSE:MAHEPC,mahindra-epc,MAHEPC,MAHINDRA EPC IRRIG LTD
NSE:PSPPROJECT,,PSPPROJECT,PSP PROJECTS LTD
NSE:PIDILITIND,pidilite,PIDILITIND,PIDILITE INDUSTRIE
NSE:TVSMOTOR,tvs,TVSMOTOR,TVS MOTOR CO
NSE:MINDTREE,mindtree,MINDTREE,MINDTREE LTD
NSE:RELIANCEP1.E1,,RELIANCEP1.E1,RELIANCE RS.5 PPD UP
NSE:SAKHTISUG,,SAKHTISUG,SAKTHI SUGAR
NSE:NACLIND,,NACLIND,NACL INDUSTRIES LTD
NSE:TITAN,titan-company,TITAN,TITAN COMPANY LTD
NSE:BINDALAGRO,,BINDALAGRO,OSWAL GREENTECH LI
NSE:HLVLTD,,HLVLTD,HLV LTD
NSE:JISLDVREQS,,JISLDVREQS,JAIN IRRIGATION
NSE:BALRAMCHIN,balrampur-chini-mills,BALRAMCHIN,BALRAMPUR CHINI MI
NSE:ALANKIT,,ALANKIT,ALANKIT LTD
NSE:MARICO,marico,MARICO,MARICO LTD
NSE:SHALPAINTS,,SHALPAINTS,SHALIMAR PAINTS
NSE:GICHSGFIN,gic-housing-finance,GICHSGFIN,GIC HOUSING FINANC
NSE:PNBGILTS,,PNBGILTS,PNB GILTS
NSE:BHARATGEAR,,BHARATGEAR,BHARAT GEARS
NSE:WALCHANNAG,,WALCHANNAG,WALCHANDNAGAR IND
NSE:EIDPARRY,e-i-d-parry,EIDPARRY,E.I.D.-PARRY(INDIA
NSE:DATAMATICS,,DATAMATICS,DATAMATICS GLOBAL
NSE:GODREJPROP,godrej-properties,GODREJPROP,GODREJ PROPERTIES
NSE:SBICARD,,SBICARD,SBI CARDS & PAYMEN
NSE:BLKASHYAP,,BLKASHYAP,B.L. KASHYAP & SON
NSE:SHILPAMED,shilpa-medicare,SHILPAMED,SHILPA MEDICARE
NSE:INOXWIND,,INOXWIND,INOX WIND LTD
NSE:FSC,,FSC,FUTURE SUPPLY CHAI
NSE:SHARDACROP,,SHARDACROP,SHARDA CROPCHEM
NSE:INDUSTOWER,bharti-infratel,INDUSTOWER,INDUS TOWERS LTD
NSE:KHAICHEM,,KHAICHEM,KHAITAN CHEM & FERT LTD
NSE:PANAMAPET,,PANAMAPET,PANAMA PETROCHEM L
NSE:UBL,united-breweries,UBL,UNITED BREWERIES L
NSE:RNAVAL,,RNAVAL,RELIANCE N AND E
NSE:THOMASCOOK,,THOMASCOOK,THOMAS COOK
NSE:LUMAXTECH,,LUMAXTECH,LUMAX AUTO TECHNOL
NSE:RAYMOND,raymond,RAYMOND,RAYMOND LTD
NSE:GRAPHITE,,GRAPHITE,GRAPHITE INDIA
NSE:KAKATCEM,,KAKATCEM,KAKATIYA CEM SUGAR
NSE:GOACARBON,,GOACARBON,GOA CARBON
NSE:BATAINDIA,bata,BATAINDIA,BATA INDIA
NSE:GAYAHWS,,GAYAHWS,GAYATRI HIGHWAYS L
NSE:MUNJALAU,,MUNJALAU,MUNJAL AUTO INDUST
NSE:JINDALPOLY,,JINDALPOLY,JINDAL POLY FILMS
NSE:GAMMNINFRA,,GAMMNINFRA,GAMMON INFRASTRUCT
NSE:ESSARSHPNG,,ESSARSHPNG,ESSAR SHIPPING POR
NSE:CEATLTD,ceat,CEATLTD,CEAT LTD
NSE:COFORGE,,COFORGE,COFORGE LTD
NSE:EKC,,EKC,EVEREST KANTO CYLI
NSE:AVANTIFEED,avanti-feeds,AVANTIFEED,AVANTI FEEDS
NSE:ELECTHERM,,ELECTHERM,ELECTROTHERM (INDI
NSE:BIRLAMONEY,aditya-birla-money,BIRLAMONEY,ADITYA BIRLA MONEY
NSE:GESHIP,great-eastern-shipping,GESHIP,GREAT EASTERN SHI
NSE:LTI,larsen-and-toubro,LTI,LARSEN & TOUBRO INFOTECH
NSE:GPIL,,GPIL,GODAWARI POWER
NSE:UGARSUGAR,,UGARSUGAR,UGAR SUGAR WORKS
NSE:BGRENERGY,,BGRENERGY,BGR ENERGY SYSTEMS
NSE:ITI,indian-tel-ind-iti,ITI,ITI LIMITED
NSE:TRENT,trent,TRENT,TRENT LTD
NSE:INDIGO,interglobe-aviatio,INDIGO,INTERGLOBE AVIATIO
NSE:JAYNECOIND,,JAYNECOIND,JAYASWAL NECO IND
NSE:NOCIL,nocil,NOCIL,NOCIL LTD
NSE:CCCL,,CCCL,CONS CONSTRUCT CON
NSE:DEEPINDS,,DEEPINDS,DEEP INDUSTRIES LTD
NSE:WEBELSOLAR,,WEBELSOLAR,WEBSOL ENERGY SYST
NSE:GSPL,gujarat-state-petronet,GSPL,GUJARAT STATE PETR
NSE:POLYCAB,,POLYCAB,POLYCAB INDIA LTD
NSE:NITINSPIN,,NITINSPIN,NITIN SPINNERS LTD
NSE:WSTCSTPAPR,,WSTCSTPAPR,WEST COAST PAPER M
NSE:NAGAFERT,,NAGAFERT,NAGARJUNA FERTILIZ
NSE:EQUITASBNK,,EQUITASBNK,EQUITAS SMALL FIN BNK LTD
NSE:GUJALKALI,gujarat-alkalies,GUJALKALI,GUJARAT ALKALIES
NSE:RAMKY,,RAMKY,RAMKY INFRASTRUCTU
NSE:JUBLFOOD,jubilant-foodworks,JUBLFOOD,JUBILANT FOODWORKS
NSE:URJAPP.E1,,URJAPP.E1,URJA RS.0.25 PPD UP
NSE:CENTURYTEX,century-text,CENTURYTEX,CENTURY TEXT & IND
NSE:PRESSMN,,PRESSMN,PRESSMAN ADVERTISI
NSE:FCL,,FCL,FINEOTEX CHEMICAL
NSE:BAJAJCON,bajaj-consumer-care,BAJAJCON,BAJAJ CONSUMER
NSE:PVR,pvr,PVR,PVR LTD
NSE:NELCAST,,NELCAST,NELCAST LTD
NSE:STLTECH,sterlite-technologies,STLTECH,STERLITE TECHNOLOGIES LTD
NSE:RAMCOCEM,ramco-cements,RAMCOCEM,RAMCO CEMENTS(THE)
NSE:ARVINDFASN,arvind-fashions,ARVINDFASN,ARVIND FASHIONS LTD
NSE:BAGFILMS,,BAGFILMS,B.A.G. FILMS&MEDIA
NSE:MANALIPETC,manali-petrochems,MANALIPETC,MANALI PETROCHEMS
NSE:KCP,,KCP,KCP LTD
NSE:MURUDCERA,,MURUDCERA,MURUDESHWAR CERAMI
NSE:KIRIINDUS,,KIRIINDUS,KIRI INDUSTRIES LTD
NSE:QUICKHEAL,quick-heal,QUICKHEAL,QUICK HEAL TECHNOL
NSE:RUCHINFRA,,RUCHINFRA,RUCHI INFRASTRUCTU
NSE:GOODLUCK,,GOODLUCK,GOODLUCK INDIA LTD
NSE:LODHA,,LODHA,MACROTECH DEVELOPERS LTD
NSE:ASTRAL,astral-poly-techni,ASTRAL,ASTRAL LTD
NSE:SHREDIGCEM,shree-digvijay-cement-co,SHREDIGCEM,SHREE DIGVIJAY CEMENT
NSE:GNFC,,GNFC,GUJARAT NARMADA VA
NSE:PRAJIND,praj-industries,PRAJIND,PRAJ INDUSTRIES
NSE:PRESTIGE,prestige-estates-projects,PRESTIGE,PRESTIGE ESTATES P
NSE:IIFLSEC,iifl,IIFLSEC,IIFL SECURITIES
NSE:SURANAT_P,,SURANAT_P,SURANA TEL & POWER
NSE:RPGLIFE,,RPGLIFE,RPG LIFE SCIENCES
NSE:MAWANASUG,,MAWANASUG,MAWANA SUGARS LTD
NSE:NAVNETEDUL,,NAVNETEDUL,NAVNEET EDUCATION
NSE:JYOTHYLAB,jyothy-laboratories,JYOTHYLAB,JYOTHY LABS LTD
NSE:ARSHIYA,,ARSHIYA,ARSHIYA LTD
NSE:WOCKPHARMA,wockhardt,WOCKPHARMA,WOCKHARDT
NSE:DIVISLAB,divis,DIVISLAB,DIVI'S LABORATORIE
NSE:HINDNATGLS,,HINDNATGLS,HINDUSTHAN NAT GLA
NSE:DUCON,,DUCON,DUCON INFRATECHNOL
NSE:BLISSGVS,bliss-gvs-pharma,BLISSGVS,BLISS GVS PHARMA
NSE:EIHOTEL,eih,EIHOTEL,EIH LTD
NSE:MANINDS,,MANINDS,MAN INDUSTRIES (IN
NSE:MAXVIL,,MAXVIL,MAX VENTURES & IND
NSE:TARC,,TARC,ANANT RAJ GLOBAL LTD
NSE:EICHERMOT,eicher-motors,EICHERMOT,EICHER MOTORS
NSE:EROSMEDIA,,EROSMEDIA,EROS INTL MEDIA
NSE:NAHARCAP,,NAHARCAP,NAHAR CAPITAL AND
NSE:TI,,TI,TILAKNAGAR INDUSTR
NSE:OSWALAGRO,,OSWALAGRO,OSWAL AGRO MILLS
NSE:IOLCP,iol-chemicals-and-phar,IOLCP,IOL CHEMICALS&PHAR
NSE:APTECHT,,APTECHT,APTECH LTD
NSE:JAGRAN,,JAGRAN,JAGRAN PRAKASHAN L
NSE:GAEL,,GAEL,GUJARAT AMBUJA EXP
NSE:ORTINLAB,,ORTINLAB,ORTIN LABORATORIES LTD
NSE:ORIENTABRA,,ORIENTABRA,ORIENT ABRASIVES
NSE:MHRIL,,MHRIL,MAHINDRA HOLIDAYS
NSE:MIDHANI,mishra-dhatu-nigam,MIDHANI,MISHRA DHATU NIGAM
NSE:MAHSEAMLES,,MAHSEAMLES,MAHARASHTRA SEAML
NSE:LIBERTSHOE,liberty-shoes,LIBERTSHOE,LIBERTY SHOES
NSE:LTTS,l-and-t-technology-services,LTTS,L&T TECHNOLOGY SER
NSE:NATCOPHARM,natco-pharma,NATCOPHARM,NATCO PHARMA LTD
NSE:ICICIGI,icici-lombard-gen,ICICIGI,ICICI LOMBARD GEN
NSE:SCHNEIDER,schneider,SCHNEIDER,SCHNEIDER ELECTR
NSE:PRECWIRE,,PRECWIRE,PRECISION WIRES IN
NSE:WATERBASE,,WATERBASE,WATERBASE
NSE:APEX,apex-frozen-foods,APEX,APEX FROZEN FOODS
NSE:CESC,cesc,CESC,CESC
NSE:PRAKASHSTL,,PRAKASHSTL,PRAKASH STEELAGE
NSE:ACE,,ACE,ACTION CONSTRUCT
NSE:TRIL,,TRIL,TRANSFORM & RECTIF
NSE:20MICRONS,,20MICRONS,20 MICRONS LTD
NSE:SMCGLOBAL,,SMCGLOBAL,SMC GLOBAL SECURITIES LTD
NSE:SUNTECK,sunteck-realty,SUNTECK,SUNTECK REALTY LTD
NSE:BSE,bse,BSE,BSE LTD
NSE:AKSHOPTFBR,,AKSHOPTFBR,AKSH OPTIFIBRE
NSE:CHENNPETRO,chennai-petro,CHENNPETRO,CHENNAI PETRO CP
NSE:GRSE,garden-reach-shipbuilders-and-en,GRSE,GARDEN REACH SHIPB
NSE:HIKAL,hikal,HIKAL,HIKAL LTD
NSE:BHANDARI,,BHANDARI,BHANDARI HOSIERY E
NSE:GNA,,GNA,GNA AXLES LTD
NSE:TRF,,TRF,TRF LTD
NSE:ORIENTCEM,,ORIENTCEM,ORIENT CEMENT LTD
NSE:KEC,kec-international,KEC,KEC INTERNATIONAL
NSE:NUCLEUS,nucleus-software,NUCLEUS,NUCLEUS SOFTWARE
NSE:OFSS,oracle,OFSS,ORACLE FIN SERVICE
NSE:AMARAJABAT,amara-raja,AMARAJABAT,AMARA RAJA BATTERI
NSE:MSPL,,MSPL,MSP STEEL & POWER
NSE:GEOJITFSL,geojit-financial-services,GEOJITFSL,GEOJIT FINANCIAL S
NSE:GOENKA,,GOENKA,GOENKA DIAMOND & J
NSE:WELENT,welspun,WELENT,WELSPUN ENTERPRISE
NSE:MANGCHEFER,,MANGCHEFER,MANGALORE CHEMICAL
NSE:ARIES,,ARIES,ARIES AGRO LTD
NSE:ENIL,,ENIL,ENTERTAINMENT NETW
NSE:TATAMETALI,tata,TATAMETALI,TATA METALIKS
NSE:HEROMOTOCO,hero-motocorp,HEROMOTOCO,HERO MOTOCORP LTD
NSE:COMPINFO,,COMPINFO,COMPUAGE INFOCOM L
NSE:LIBAS,,LIBAS,LIBAS DESIGNS LTD
NSE:JAYSREETEA,,JAYSREETEA,JAYSHREE TEA
NSE:EPL,essel-propack,EPL,EPL LTD
NSE:KRISHANA,,KRISHANA,KRISHANA PHOSCHEM LTD
NSE:CAMLINFINE,,CAMLINFINE,CAMLIN FINE SCIENC
NSE:FINCABLES,finolex-cables,FINCABLES,FINOLEX CABLES
NSE:INTELLECT,,INTELLECT,INTELLECT DESIGN A
NSE:GOCLCORP,,GOCLCORP,GOCL CORPORATION L
NSE:GHCL,,GHCL,GHCL
NSE:DBL,dilip-buildcon,DBL,DILIP BUILDCON LTD
NSE:NILAINFRA,,NILAINFRA,NILA INFRASTRUCTUR
NSE:JTEKTINDIA,,JTEKTINDIA,JTEKT INDIA LTD
NSE:IPCALAB,ipca,IPCALAB,IPCA LABORATORIES
NSE:DHAMPURSUG,,DHAMPURSUG,DHAMPUR SUGAR MILL
NSE:DCAL,dishman-carbogen,DCAL,DISHMAN CARBOGEN
NSE:BAJAJFINSV,bajaj-finserv,BAJAJFINSV,BAJAJ FINSERV LTD
NSE:ATLANTA,,ATLANTA,ATLANTA LTD
NSE:GUFICBIO,,GUFICBIO,GUFIC BIOSCIENCES
NSE:SIMPLEXINF,,SIMPLEXINF,SIMPLEX INFRASTRUC
NSE:BHAGERIA,,BHAGERIA,BHAGERIA INDUSTRIE
NSE:NRBBEARING,,NRBBEARING,NRB BEARINGS
NSE:PRSMJOHNSN,,PRSMJOHNSN,PRISM JOHNSON LTD
NSE:WONDERLA,,WONDERLA,WONDERLA HOLIDAYS
NSE:PROZONINTU,,PROZONINTU,PROZONE INTU PROPE
NSE:GEECEE,,GEECEE,GEECEE VENTURES
NSE:TBZ,,TBZ,TRIBHOVANDAS BHIMJ
NSE:PATINTLOG,,PATINTLOG,PATEL INTEGRATED L
NSE:GENUSPOWER,,GENUSPOWER,GENUS POWER INFRA
NSE:DEEPENR,,DEEPENR,DEEP ENE RESOURCES LTD
NSE:FACT,,FACT,FERTILIZERS & CHEM
NSE:RUPA,,RUPA,RUPA & CO LTD
NSE:KOTARISUG,,KOTARISUG,KOTHARI SUGAR&CHEM
NSE:RADICO,,RADICO,RADICO KHAITAN
NSE:CREDITACC,creditaccess-grameen,CREDITACC,CREDITACCESS GRAME
NSE:CDSL,central-depository,CDSL,CENTRAL DEPOSITORY
NSE:JUBLINGREA,,JUBLINGREA,JUBILANT INGREVIA LTD
NSE:SIEMENS,siemens,SIEMENS,SIEMENS INDIA LTD
NSE:GSCLCEMENT,,GSCLCEMENT,GUJARAT SIDHEE CEM
NSE:NAUKRI,info-edge,NAUKRI,INFO EDGE
NSE:BIRLATYRE,,BIRLATYRE,BIRLA TYRES LTD
NSE:AMJLAND,,AMJLAND,AMJ LAND HOLDINGS
NSE:MINDACORP,minda,MINDACORP,MINDA CORP LTD
NSE:ENERGYDEV,,ENERGYDEV,ENERGY DEV CO LTD
NSE:ZENSARTECH,zensar-technologies,ZENSARTECH,ZENSAR TECHNOLOGIE
NSE:GRAVITA,,GRAVITA,GRAVITA INDIA LTD
NSE:KALPATPOWR,kalpataru-power-tr,KALPATPOWR,KALPATARU POWER TR
NSE:BEDMUTHA,,BEDMUTHA,BEDMUTHA INDUSTRIE
NSE:BALMLAWRIE,,BALMLAWRIE,BALMER LAWRIE
NSE:PITTIENG,,PITTIENG,PITTI ENGINEERING
NSE:VERTOZ,,VERTOZ,VERTOZ ADVERTISING LTD
NSE:GULFPETRO,,GULFPETRO,GP PETROLEUMS LTD
NSE:SETUINFRA,,SETUINFRA,SETUBANDHAN INFRA LTD
NSE:COUNCODOS,,COUNCODOS,COUNTRY CONDO'S
NSE:ONMOBILE,,ONMOBILE,ONMOBILE GLOBAL LTD
NSE:DOLAT,,DOLAT,DOLAT INVESTMENTS LTD
NSE:JBFIND,,JBFIND,JBF INDUSTRIES
NSE:KIRLOSENG,kirloskar-oil-engines,KIRLOSENG,KIRLOSKAR OIL ENGI
NSE:UFO,,UFO,UFO MOVIEZ INDIA
NSE:MTARTECH,,MTARTECH,MTAR TECHNOLOGIES LTD
NSE:CENTURYPLY,century-plyboards-i,CENTURYPLY,CENTURYPLY LTD
NSE:APOLLO,,APOLLO,APOLLO MICRO SYSTE
NSE:SRF,srf,SRF,SRF LTD
NSE:SPLIL,,SPLIL,SPL INDUSTRIES LTD
NSE:EVEREADY,eveready-industrie,EVEREADY,EVEREADY INDUSTRIE
NSE:JINDWORLD,,JINDWORLD,JINDAL WORLDWIDE
NSE:BECTORFOOD,,BECTORFOOD,MRS BECTORS FOOD SPE LTD
NSE:KITEX,,KITEX,KITEX GARMENTS LTD
NSE:BEML,beml,BEML,BEML LTD
NSE:ARCHIES,,ARCHIES,ARCHIES LTD.
NSE:ECLERX,eclerx,ECLERX,ECLERX SERVICES
NSE:ONEPOINT,,ONEPOINT,ONE POINT ONE SOLU
NSE:SARDAEN,,SARDAEN,SARDA ENERGY & MIN
NSE:TVSELECT,,TVSELECT,TVS ELECTRONICS
NSE:BLS,,BLS,BLS INTERNATIONAL
NSE:ICIL,indo-count-industries,ICIL,INDO COUNT INDUSTR
NSE:JKLAKSHMI,jk-lakshmi-cement,JKLAKSHMI,JK LAKSHMI CEMENT
NSE:GICRE,general-insurance,GICRE,GENERAL INSURANCE
NSE:DPSCLTD,,DPSCLTD,DPSC LTD
NSE:RPSGVENT,,RPSGVENT,RPSG VENTURES LTD
NSE:HINDCOMPOS,,HINDCOMPOS,HINDUSTAN COMPOSIT
NSE:TRITURBINE,,TRITURBINE,TRIVENI TURBINE LTD
NSE:REPCOHOME,repco-home-finance,REPCOHOME,REPCO HOME FIN LTD
NSE:ROUTE,,ROUTE,ROUTE MOBILE LTD
NSE:SEQUENT,sequent,SEQUENT,SEQUENT SCIENTIFIC
NSE:EMMBI,,EMMBI,EMMBI INDUSTRIES
NSE:CYBERTECH,,CYBERTECH,CYBERTECH SYSTEMS
NSE:SUMICHEM,,SUMICHEM,SUMITOMO CHEMICAL IND LTD
NSE:ADVENZYMES,,ADVENZYMES,ADVANCED ENZYME TE
NSE:ANDHRACEMT,,ANDHRACEMT,ANDHRA CEMENTS
NSE:GDL,,GDL,GATEWAY DISTRIPARK
NSE:GOKULAGRO,,GOKULAGRO,GOKUL AGRO RES LTD
NSE:GTPL,,GTPL,GTPL HATHWAY LTD
NSE:HISARMETAL,,HISARMETAL,HISAR METAL INDUST
NSE:GABRIEL,gabriel-india,GABRIEL,GABRIEL INDIA
NSE:TNPL,,TNPL,TAMIL NADU NEWSPRI
NSE:HUBTOWN,,HUBTOWN,HUBTOWN LTD
NSE:TEXMOPIPES,,TEXMOPIPES,TEXMO PIPES & PROD
NSE:LALPATHLAB,dr-lal-pathlabs,LALPATHLAB,DR LAL PATHLABS LTD
NSE:FINPIPE,finolex-industries,FINPIPE,FINOLEX INDUSTRIES
NSE:MADRASFERT,,MADRASFERT,MADRAS FERTILIZERS
NSE:COLPAL,colgate-palmolive,COLPAL,COLGATE-PALM (IND)
NSE:APOLLOHOSP,apollo-hospitals,APOLLOHOSP,APOLLO HOSPITALS.
NSE:TAJGVK,,TAJGVK,TAJ GVK HOTELS
NSE:BRITANNIA,britannia,BRITANNIA,BRITANNIA INDS
NSE:UTTAMSUGAR,,UTTAMSUGAR,UTTAM SUGAR MILLS
NSE:ORIENTELEC,orient-electric,ORIENTELEC,ORIENT ELECTRIC LTD
NSE:DHANUKA,dhanuka-agritech,DHANUKA,DHANUKA AGRITECH
NSE:UTIAMC,,UTIAMC,UTI ASSET MNGMT CO LTD
NSE:NITINFIRE,,NITINFIRE,NITIN FIRE PROTECT
NSE:BANCOINDIA,,BANCOINDIA,BANCO PRODUCTS
NSE:VISHAL,,VISHAL,VISHAL FABRICS LTD
NSE:BALLARPUR,,BALLARPUR,BALLARPUR INDS
NSE:VARROC,varroc,VARROC,VARROC ENGINEERING
NSE:GOLDTECH,,GOLDTECH,GOLDSTONE TECHNO
NSE:RAJESHEXPO,rajesh-exports,RAJESHEXPO,RAJESH EXPORTS
NSE:SMSPHARMA,sms-pharmaceutical,SMSPHARMA,SMS PHARMACEUTICAL
NSE:INTENTECH,,INTENTECH,INTENSE TECHNOLOGI
NSE:SHYAMCENT,,SHYAMCENT,SHYAM CENTURY FERR
NSE:HDFCAMC,hdfc,HDFCAMC,HDFC ASSET MANAGEM
NSE:IMAGICAA,,IMAGICAA,IMAGICAAWORLD ENT LTD
NSE:NELCO,,NELCO,NELCO
NSE:NAHARSPING,,NAHARSPING,NAHAR SPINNING
NSE:CIGNITITEC,,CIGNITITEC,CIGNITI TECHNOLOGI
NSE:VTL,,VTL,VARDHMAN TEXTILES
NSE:ARVSMART,,ARVSMART,ARVIND SMARTSPACES
NSE:PNCINFRA,pnc-financial,PNCINFRA,PNC INFRATECH LTD
NSE:ABAN,,ABAN,ABAN OFFSHORE
NSE:KNRCON,knr-constructions,KNRCON,KNR CONSTRUCTIONS
NSE:SATIN,,SATIN,SATIN CREDIT CARE
NSE:BCLIND,,BCLIND,BCL INDUSTRIES LTD
NSE:AARTIDRUGS,aarti-drugs,AARTIDRUGS,AARTI DRUGS LTD
NSE:KPITTECH,,KPITTECH,KPIT TECHNOLOGIES
NSE:SIS,intel,SIS,SIS LTD
NSE:APLAPOLLO,apl-apollo-tubes,APLAPOLLO,APL APOLLO TUBES
NSE:LAOPALA,la-opala,LAOPALA,LA-OPALA RG LTD
NSE:DALMIASUG,dalmia-bharat,DALMIASUG,DALMIA BHARAT SUGA
NSE:VAISHALI,,VAISHALI,VAISHALI PHARMA LTD
NSE:SETCO,,SETCO,SETCO AUTOMOTIVE
NSE:OLECTRA,,OLECTRA,OLECTRA GREENTECH
NSE:PTL,,PTL,PTL ENTERPRISES
NSE:SHREYAS,,SHREYAS,SHREYAS SHIP & LO
NSE:MUNJALSHOW,,MUNJALSHOW,MUNJAL SHOWA
NSE:EMAMILTD,emami,EMAMILTD,EMAMI LTD
NSE:SUBROS,,SUBROS,SUBROS LTD
NSE:CORALFINAC,,CORALFINAC,CORAL INDIA FIN
NSE:FELDVR,,FELDVR,FUTURE ENTERPRISES
NSE:MANAKSIA,,MANAKSIA,MANAKSIA LTD
NSE:AKSHARCHEM,,AKSHARCHEM,AKSHARCHEM (INDIA)
NSE:TORNTPHARM,torrent-pharmaceuticals,TORNTPHARM,TORRENT PHARM
NSE:ANGELBRKG,,ANGELBRKG,ANGEL BROKING LTD
NSE:NAHARPOLY,,NAHARPOLY,NAHAR POLY FILMS
NSE:UFLEX,uflex,UFLEX,UFLEX LTD
NSE:JUBLPHARMA,jubilant-life-sciences,JUBLPHARMA,JUBILANT PHARMOVA LTD
NSE:ROLLT,,ROLLT,ROLLATAINERS LTD
NSE:KSCL,kaveri-seed,KSCL,KAVERI SEED COMPAN
NSE:SYNGENE,syngene,SYNGENE,SYNGENE INTERNATIO
NSE:ATULAUTO,atul-auto,ATULAUTO,ATUL AUTO LTD
NSE:CCL,ccl-products-ind,CCL,CCL PRODUCTS(IND)
NSE:ANANTRAJ,,ANANTRAJ,ANANT RAJ LTD
NSE:DONEAR,,DONEAR,DONEAR INDUSTRIES
NSE:LCCINFOTEC,,LCCINFOTEC,LCC INFOTECH
NSE:STCINDIA,,STCINDIA,STATE TRD CORP IND
NSE:GREENPANEL,,GREENPANEL,GREENPANEL INDUSTRIES LTD
NSE:SANGHVIMOV,,SANGHVIMOV,SANGHVI MOVERS
NSE:INDTERRAIN,,INDTERRAIN,INDIAN TERRAIN FAS
NSE:INDIANHUME,,INDIANHUME,INDIAN HUME PIPE
NSE:VIMTALABS,,VIMTALABS,VIMTA LABORATORIES
NSE:INOXLEISUR,inox-leisure,INOXLEISUR,INOX LEISURE LTD
NSE:ORIENTHOT,,ORIENTHOT,ORIENTAL HOTELS
NSE:CAPACITE,,CAPACITE,CAPACIT'E INFRAPRO
NSE:MAHASTEEL,,MAHASTEEL,MAHAMAYA STEEL IND
NSE:GEPIL,,GEPIL,GE POWER INDIA LTD
NSE:VISHWARAJ,,VISHWARAJ,VISHWARAJ SUGAR IND LTD
NSE:HIRECT,,HIRECT,HIND RECTIFIERS LTD
NSE:ISFT,,ISFT,INTRASOFT TECHNOLO
NSE:AVTNPL,,AVTNPL,AVT NATURAL PROD
NSE:ADSL,,ADSL,ALLIED DIGITAL SER
NSE:HATSUN,hatsun-agro-product,HATSUN,HATSUN AGRO PRODUC
NSE:QUESS,quess,QUESS,QUESS CORP LTD
NSE:SKIL,,SKIL,SKIL INFRASTRUCTUR
NSE:KAJARIACER,kajaria-ceramics,KAJARIACER,KAJARIA CERAMICS
NSE:HPL,,HPL,HPL ELECTRIC POWER
NSE:CSBBANK,,CSBBANK,CSB BANK LTD
NSE:MAHLOG,mahindra-logistics,MAHLOG,MAHINDRA LOGISTICS
NSE:PDMJEPAPER,,PDMJEPAPER,PUDUMJEE PAPER PRO
NSE:MARUTI,maruti-suzuki-india,MARUTI,MARUTI SUZUKI IND
NSE:PRINCEPIPE,,PRINCEPIPE,PRINCE PIPES FITTINGS LTD
NSE:TERASOFT,,TERASOFT,TERA SOFTWARE
NSE:METROPOLIS,,METROPOLIS,METROPOLIS HEALTHC
NSE:ELGIRUBCO,,ELGIRUBCO,ELGI RUBBER CO LTD
NSE:BERGEPAINT,berger-paints,BERGEPAINT,BERGER PAINTS IND
NSE:NCLIND,,NCLIND,NCL INDUSTRIES
NSE:HEG,heg,HEG,HEG LTD
NSE:COSMOFILMS,cosmo-films,COSMOFILMS,COSMO FILMS LTD
NSE:SUNDARMHLD,,SUNDARMHLD,SUNDARAM FINANCE H
NSE:JIKIND,,JIKIND,JIK INDUSTRIES
NSE:IL_FSENGG,,IL_FSENGG,IL&FS ENGINEERING
NSE:SHALBY,,SHALBY,SHALBY LTD
NSE:SKMEGGPROD,,SKMEGGPROD,SKM EGG PRODUCTS
NSE:JYOTISTRUC,,JYOTISTRUC,JYOTI STRUCTURES
NSE:INDIAGLYCO,,INDIAGLYCO,INDIA GLYCOL
NSE:SREEL,,SREEL,SREELEATHERS LTD
NSE:HIMATSEIDE,himatsingka-seide,HIMATSEIDE,HIMATSINGKA SEIDE
NSE:MASTEK,mastek,MASTEK,MASTEK
NSE:SUTLEJTEX,,SUTLEJTEX,SUTLEJ TEXTILES
NSE:LASA,,LASA,LASA SUPERGENERICS
NSE:NECCLTD,,NECCLTD,NORTH EASTERN CARR
NSE:ULTRACEMCO,ultratech-cement,ULTRACEMCO,ULTRATECH CEMENT
NSE:MANAKSTEEL,,MANAKSTEEL,MANAKSIA STEELS LTD
NSE:PIONDIST,,PIONDIST,PIONEER DISTILLERI
NSE:KEI,kei-industries,KEI,KEI INDUSTRIES
NSE:BAJAJ_AUTO,bajaj-auto,BAJAJ_AUTO,BAJAJ AUTO LTD
NSE:BPL,,BPL,BPL
NSE:SMARTLINK,,SMARTLINK,SMARTLINK HOLDINGS
NSE:SOMICONVEY,,SOMICONVEY,SOMI CONVEYOR BELT
NSE:CHEMCON,,CHEMCON,CHEMCON SPECIAL CHEM LTD
NSE:SUPRAJIT,,SUPRAJIT,SUPRAJIT ENG LTD
NSE:NAHARINDUS,,NAHARINDUS,NAHAR IND ENTERPRI
NSE:VIKASECO,,VIKASECO,VIKAS ECOTECH LIMI
NSE:TREJHARA,,TREJHARA,TREJHARA SOLUTIONS
NSE:GOKEX,,GOKEX,GOKALDAS EXPORTS L
NSE:BORORENEW,,BORORENEW,BOROSIL RENEWABLES LTD
NSE:SANDHAR,,SANDHAR,SANDHAR TECHNOLOGI
NSE:PIIND,pi-industries,PIIND,PI INDUSTRIES
NSE:HAL,hindustan-aeronautics,HAL,HINDUSTAN AERONAUT
NSE:RPPINFRA,,RPPINFRA,R.P.P.INFRA PROJEC
NSE:PPL,,PPL,PRAKASH PIPES LTD
NSE:TALBROAUTO,,TALBROAUTO,TALBROS AUTO
NSE:HEIDELBERG,heidelbergcement-i,HEIDELBERG,HEIDELBERGCEMENT I
NSE:ALKEM,alkem,ALKEM,ALKEM LAB LTD
NSE:SDBL,,SDBL,SOM DIST & BREW LTD
NSE:TEMBO,,TEMBO,TEMBO GLOBAL IND LTD
NSE:ADANITRANS,adani-transmiss-in,ADANITRANS,ADANI TRANSMISS.IN
NSE:BDL,bharat-dynamics,BDL,BHARAT DYNAMICS LTD
NSE:KABRAEXTRU,,KABRAEXTRU,KABRA EXTRUSIONTEC
NSE:SHK,,SHK,S H KELKAR AND COM
NSE:SALSTEEL,,SALSTEEL,SAL STEEL LTD
NSE:MODISNME,,MODISNME,MODISON METALS LTD
NSE:JAIBALAJI,,JAIBALAJI,JAI BALAJI IND
NSE:SARLAPOLY,,SARLAPOLY,SARLA PERFORMANCE
NSE:ACC,acc,ACC,ACC LTD
NSE:ESTER,,ESTER,ESTER INDUSTRIES
NSE:AGROPHOS,,AGROPHOS,AGRO PHOS INDIA LTD
NSE:BALKRISIND,balkrishna,BALKRISIND,BALKRISHNA INDS
NSE:FMNL,,FMNL,FUTURE MKT NETWORK
NSE:ORICONENT,,ORICONENT,ORICON ENTERPRISES
NSE:AROGRANITE,,AROGRANITE,ARO GRANITE INDUS
NSE:FDC,,FDC,FDC LTD
NSE:BBTC,bombay-burmah-trading,BBTC,BOMBAY BURMAH
NSE:SOMATEX,,SOMATEX,SOMA TEXTILE & IND
NSE:IVC,,IVC,IL & FS INVESTMENT
NSE:AHLADA,,AHLADA,AHLADA ENGINEERS LTD
NSE:SUDARSCHEM,sudarshan-chemical,SUDARSCHEM,SUDARSHAN CHEMICAL
NSE:DPWIRES,,DPWIRES,D P WIRES LTD
NSE:GINNIFILA,,GINNIFILA,GINNI FILAMENTS
NSE:IGPL,,IGPL,IG PETROCHEMICAL
NSE:FLUOROCHEM,,FLUOROCHEM,GUJARAT FLUOROCHEM LTD
NSE:STARPAPER,,STARPAPER,STAR PAPER MILLS
NSE:PFIZER,pfizer,PFIZER,PFIZER LTD
NSE:TARMAT,,TARMAT,TARMAT LTD
NSE:ACRYSIL,,ACRYSIL,ACRYSIL LTD
NSE:DSSL,,DSSL,DYNACONS SYS SOLUT
NSE:NAZARA,,NAZARA,NAZARA TECHNOLOGIES LTD
NSE:NAVINFLUOR,navin-fluorine-international-l,NAVINFLUOR,NAVIN FLUORINE INT
NSE:TVTODAY,,TVTODAY,TV TODAY NETWORK
NSE:KSL,,KSL,KALYANI STEELS
NSE:SCAPDVR,,SCAPDVR,STAMPEDE CAPITAL
NSE:PENINLAND,,PENINLAND,PENINSULA LAND LTD
NSE:MANAKCOAT,,MANAKCOAT,MANAKSIA COATED ME
NSE:GULPOLY,,GULPOLY,GULSHAN POLYOLS LTD
NSE:PERSISTENT,persistent-systems,PERSISTENT,PERSISTENT SYSTEMS
NSE:VIPULLTD,,VIPULLTD,VIPUL LTD
NSE:STEELXIND,,STEELXIND,STEEL EXCHANGE IND
NSE:SPANDANA,,SPANDANA,SPANDANA SPHOORTY FIN LTD
NSE:CGCL,,CGCL,CAPRI GLOBAL CAPIT
NSE:HUHTAMAKI,,HUHTAMAKI,HUHTAMAKI INDIA LTD
NSE:HERITGFOOD,,HERITGFOOD,HERITAGE FOODS LTD
NSE:MAXIND,,MAXIND,MAX INDIA LTD
NSE:SHIVAMAUTO,,SHIVAMAUTO,SHIVAM AUTOTECH LTD
NSE:ALKALI,,ALKALI,ALKALI METALS LTD
NSE:INDIGRID,,INDIGRID,INDIA GRID TRUST
NSE:SWANENERGY,,SWANENERGY,SWAN ENERGY LTD
NSE:CHALET,chalet-hotels,CHALET,CHALET HOTELS LTD
NSE:MADHUCON,,MADHUCON,MADHUCON PROJECTS
NSE:GODREJIND,godrej-industries,GODREJIND,GODREJ INDUSTRIES
NSE:IL_FSTRANS,,IL_FSTRANS,IL&FS TRANSP NTWK
NSE:POLYPLEX,polyplex,POLYPLEX,POLYPLEX CORP
NSE:VARDMNPOLY,,VARDMNPOLY,VARDHMAN POLYTEX
NSE:TDPOWERSYS,,TDPOWERSYS,TD POWER SYSTEMS P
NSE:UNIVCABLES,,UNIVCABLES,UNIVERSAL CABLES
NSE:CRISIL,crisil,CRISIL,CRISIL LTD
NSE:LYKALABS,,LYKALABS,LYKA LABORATORIES
NSE:VIPCLOTHNG,,VIPCLOTHNG,VIP CLOTHING LTD
NSE:BLUESTARCO,blue-star,BLUESTARCO,BLUE STAR
NSE:COROMANDEL,coromandel-international,COROMANDEL,COROMANDEL INTL
NSE:REFEX,,REFEX,REFEX INDUSTRIES L
NSE:TPLPLASTEH,,TPLPLASTEH,TPL PLASTECH LTD.
NSE:GMBREW,,GMBREW,GM BREWERIES
NSE:VIDHIING,,VIDHIING,VIDHI SPECIALTY FO
NSE:OMAXE,,OMAXE,OMAXE LTD
NSE:RUCHIRA,,RUCHIRA,RUCHIRA PAPERS LTD
NSE:CEBBCO,,CEBBCO,COMMERCIAL ENGINEE
NSE:HGINFRA,,HGINFRA,H.G. INFRA ENGINEE
NSE:KIRLFER,,KIRLFER,KIRLOSKAR FERROUS IND LTD
NSE:AJOONI,,AJOONI,AJOONI BIOTECH LTD
NSE:RESPONIND,,RESPONIND,RESPONSIVE INDUSTR
NSE:COX_KINGS,,COX_KINGS,COX & KINGS LTD
NSE:WINDMACHIN,,WINDMACHIN,WINDSOR MACHINES
NSE:VENKEYS,,VENKEYS,VENKY'S (INDIA)
NSE:NESCO,nesco,NESCO,NESCO LTD
NSE:SURANASOL,,SURANASOL,SURANA SOLAR LTD
NSE:ROHLTD,,ROHLTD,ROYAL ORCHID HOTEL
NSE:ISMTLTD,,ISMTLTD,ISMT LTD
NSE:ANURAS,,ANURAS,ANUPAM RASAYAN INDIA LTD
NSE:DMART,avenue-supermarts,DMART,AVENUE SUPERMARTS
NSE:SHREYANIND,,SHREYANIND,SHREYANS INDUSTRIE
NSE:LUXIND,,LUXIND,LUX INDUSTRIES LTD
NSE:AVADHSUGAR,,AVADHSUGAR,AVADH SUGAR ENERGY
NSE:TATAELXSI,tata,TATAELXSI,TATA ELXSI
NSE:DOLLAR,,DOLLAR,DOLLAR INDUSTRIES
NSE:SRIPIPES,,SRIPIPES,SRIKALAHASTHI PIPE
NSE:SECURKLOUD,,SECURKLOUD,SECUREKLOUD TECH LTD
NSE:PIONEEREMB,,PIONEEREMB,PIONEER EMBROID LTD
NSE:DIGISPICE,,DIGISPICE,DIGISPICE TECHNOLOGIES LTD
NSE:RELAXO,relaxo-footwears,RELAXO,RELAXO FOOTWEARS
NSE:SIGIND,,SIGIND,SIGNET INDUSTRIES
NSE:HSIL,,HSIL,HSIL LTD
NSE:JHS,,JHS,JHS SVENDGAARD LAB
NSE:SPECIALITY,,SPECIALITY,SPECIALITY RESTAUR
NSE:CINELINE,,CINELINE,CINELINE INDIA LTD
NSE:PHOENIXLTD,phoenix-mills,PHOENIXLTD,PHOENIX MILLS
NSE:HGS,,HGS,HINDUJA GLOBAL SOL
NSE:DIXON,dixon-technologie,DIXON,DIXON TECHNOLOGIES
NSE:BOROLTD,,BOROLTD,BOROSIL LTD
NSE:SOLARA,solara-active-pharma,SOLARA,SOLARA ACTIVE PHAR
NSE:SOBHA,sobha,SOBHA,SOBHA LTD
NSE:GOKUL,,GOKUL,GOKUL REFOILS & SO
NSE:INDIGOPNTS,,INDIGOPNTS,INDIGO PAINTS LTD
NSE:GPTINFRA,,GPTINFRA,GPT INFRAPROJECTS
NSE:NEWGEN,newgen-software,NEWGEN,NEWGEN SOFTWARE
NSE:IGARASHI,,IGARASHI,IGARASHI MOTORS IN
NSE:ABB,abb,ABB,ABB INDIA LTD
NSE:EDUCOMP,,EDUCOMP,EDUCOMP SOLUTIONS
NSE:SONATSOFTW,sonata-software,SONATSOFTW,SONATA SOFTWARE
NSE:WHIRLPOOL,,WHIRLPOOL,WHIRLPOOL OF INDIA
NSE:CARBORUNIV,carborundum-unvrsl,CARBORUNIV,CARBORUNDUM UNVRSL
NSE:SHREEPUSHK,,SHREEPUSHK,SHREE PUSHKAR CHEM
NSE:INDOCO,indoco-remedies,INDOCO,INDOCO REMEDIES LTD
NSE:MAHINDCIE,,MAHINDCIE,MAHINDRA CIE AUTO
NSE:DREDGECORP,,DREDGECORP,DREDGING CORP IND
NSE:KIOCL,,KIOCL,KIOCL LTD
NSE:MAITHANALL,,MAITHANALL,MAITHAN ALLOYS LTD
NSE:TOTAL,,TOTAL,TOTAL TRANSPORT SYS LTD
NSE:KOTHARIPET,,KOTHARIPET,KOTHARI PETROCHEM
NSE:WORTH,,WORTH,WORTH PERIPHERALS LTD
NSE:APCL,,APCL,ANJANI PRTLND CEMT
NSE:MBLINFRA,,MBLINFRA,MBL INFRASTRUCTURE
NSE:OMINFRAL,,OMINFRAL,OM INFRA LTD
NSE:SOLARINDS,,SOLARINDS,SOLAR INDUSTRIES I
NSE:CUPID,cupid-india,CUPID,CUPID LTD(INDIA)
NSE:CAPLIPOINT,caplin-point-laboratories,CAPLIPOINT,CAPLIN POINT LABOR
NSE:RAMCOSYS,ramco-systems,RAMCOSYS,RAMCO SYSTEMS
NSE:IMFA,,IMFA,INDIAN METALS & FE
NSE:SHANKARA,,SHANKARA,SHANKARA BUILDING
NSE:YAARII,indiabulls,YAARII,YAARII DIG INTEGR SER LTD
NSE:LPDC,,LPDC,LANDMARK PROP DEV
NSE:SUMIT,,SUMIT,SUMIT WOODS LTD
NSE:JINDRILL,,JINDRILL,JINDAL DRILLING
NSE:SATIA,,SATIA,SATIA INDUSTRIES LTD
NSE:GANESHHOUC,,GANESHHOUC,GANESH HOUSING CP
NSE:KAMDHENU,,KAMDHENU,KAMDHENU LTD
NSE:MANGALAM,,MANGALAM,MANGALAM DRUGS & O
NSE:SPMLINFRA,,SPMLINFRA,SPML INFRA LTD
NSE:CORDSCABLE,,CORDSCABLE,CORDS CABLE INDUST
NSE:CAREERP,,CAREERP,CAREER POINT LTD
NSE:TEXINFRA,,TEXINFRA,TEXMACO INFRA & HO
NSE:STERTOOLS,,STERTOOLS,STERLING TOOLS
NSE:ERIS,eris-lifesciences,ERIS,ERIS LIFESCIENCES
NSE:SYMPHONY,symphony,SYMPHONY,SYMPHONY LTD
NSE:AMBER,amber-enterprises-india,AMBER,AMBER ENTERPRISES
NSE:TAINWALCHM,,TAINWALCHM,TAINWALA CHEMICALS
NSE:ASHAPURMIN,,ASHAPURMIN,ASHAPURA MINE CHEM
NSE:SURYODAY,,SURYODAY,SURYODAY SMALL FIN BK LTD
NSE:TIINDIA,tube-investments-of-india,TIINDIA,TUBE INVESTMENTS O
NSE:IFBAGRO,,IFBAGRO,IFB AGRO IND
NSE:POLYMED,poly-medicure,POLYMED,POLY MEDICURE LTD
NSE:TEJASNET,,TEJASNET,TEJAS NETWORKS LTD
NSE:KANSAINER,nerolac,KANSAINER,KANSAI NEROLAC PAI
NSE:SHOPERSTOP,,SHOPERSTOP,SHOPPERS STOP
NSE:RANEHOLDIN,,RANEHOLDIN,RANE HOLDINGS LTD
NSE:JCHAC,,JCHAC,JOHNSON CONTROLS-H
NSE:SHREERAMA,,SHREERAMA,SHREE RAMA MULTI
NSE:ALLSEC,,ALLSEC,ALLSEC TECHNOLOGIE
NSE:GLAND,,GLAND,GLAND PHARMA LTD
NSE:CANDC,,CANDC,C & C CONSTRUCTION
NSE:DCMSHRIRAM,dcm-shriram,DCMSHRIRAM,DCM SHRIRAM LTD
NSE:LINCOLN,lincoln-pharmaceuticals,LINCOLN,LINCOLN PHARMA LTD
NSE:VARDHACRLC,,VARDHACRLC,VARDHMAN ACRYLICS
NSE:TIMKEN,,TIMKEN,TIMKEN INDIA
NSE:5PAISA,,5PAISA,5PAISA CAPITAL LTD
NSE:PFOCUS,,PFOCUS,PRIME FOCUS
NSE:RMCL,,RMCL,RADHA MADHAV CORP
NSE:PNBHOUSING,pnb-housing-finance,PNBHOUSING,PNB HOUSING
NSE:HMVL,,HMVL,HINDUSTAN MEDIA VE
NSE:MCX,multi-commodity-ex,MCX,MULTI COMMODITY EX
NSE:TATAINVEST,tata,TATAINVEST,TATA INVESTMENT
NSE:JAYAGROGN,,JAYAGROGN,JAYANT AGRO-ORG
NSE:BRIGADE,brigade-enterprise,BRIGADE,BRIGADE ENTERPRISE
NSE:EVERESTIND,,EVERESTIND,EVEREST INDUSTRIES
NSE:MANGLMCEM,,MANGLMCEM,MANGALAM CEMENT
NSE:RAJSREESUG,,RAJSREESUG,RAJSHREE SUG &CHEM
NSE:SHAKTIPUMP,,SHAKTIPUMP,SHAKTI PUMPS INDIA
NSE:SCHAND,,SCHAND,S CHAND AND COMPAN
NSE:KECL,,KECL,KIRLOSKAR ELECTRIC
NSE:CANTABIL,,CANTABIL,CANTABIL RETAIL IN
NSE:STEL,,STEL,STEL HOLDINGS LTD
NSE:MAGADSUGAR,,MAGADSUGAR,MAGADH SUGAR & ENE
NSE:VAIBHAVGBL,vaibhav-global,VAIBHAVGBL,VAIBHAV GLOBAL LTD
NSE:BRNL,,BRNL,BHARAT ROAD NETWOR
NSE:GODREJAGRO,godrej-agrovet,GODREJAGRO,GODREJ AGROVET LTD
NSE:MCDHOLDING,,MCDHOLDING,MCDOWELL HOLDINGS
NSE:RAMCOIND,,RAMCOIND,RAMCO INDUSTRIES
NSE:HCG,,HCG,HEALTHCARE GLOBAL
NSE:KOTHARIPRO,,KOTHARIPRO,KOTHARI PRODUCTS
NSE:GALLANTT,,GALLANTT,GALLANTT METAL LTD
NSE:MGEL,,MGEL,MANGALAM GLOBAL ENT LTD
NSE:GALLISPAT,,GALLISPAT,GALLANTT ISPAT LTD
NSE:SORILINFRA,,SORILINFRA,SORIL INFRA RESOUR
NSE:VLSFINANCE,,VLSFINANCE,VLS FIN LTD INDIA
NSE:PGEL,,PGEL,PG ELECTROPLAST LTD
NSE:SIYSIL,,SIYSIL,SIYARAM SILK
NSE:CHOLAHLDNG,,CHOLAHLDNG,CHOLAMANDALAM FIN
NSE:ORIENTLTD,,ORIENTLTD,ORIENT PRESS LTD
NSE:PRIVISCL,,PRIVISCL,PRIVI SPECIALITY CHE LTD
NSE:SUVIDHAA,,SUVIDHAA,SUVIDHAA INFOSERVE LTD
NSE:BAYERCROP,bayer,BAYERCROP,BAYER CROPSCIENCE
NSE:MINDTECK,,MINDTECK,MINDTECK(INDIA)
NSE:XPROINDIA,,XPROINDIA,XPRO INDIA LTD.
NSE:KAYA,,KAYA,KAYA LTD
NSE:SUNDRMFAST,,SUNDRMFAST,SUNDRAM FASTNERS
NSE:INDLMETER,,INDLMETER,IMP POWERS LTD
NSE:PUNJABCHEM,,PUNJABCHEM,PUNJAB CHEM&CROP
NSE:BHAGYANGR,,BHAGYANGR,BHAGYANAGAR INDIA
NSE:SPAL,,SPAL,S.P.APPARELS LTD
NSE:KAMATHOTEL,,KAMATHOTEL,KAMAT HOTELS (IND)
NSE:SUPERSPIN,,SUPERSPIN,SUPER SPINNING
NSE:GSS,,GSS,GSS INFOTECH LTD
NSE:DVL,,DVL,DHUNSERI VENTURES
NSE:TCIEXP,,TCIEXP,TCI EXPRESS LTD
NSE:MARATHON,,MARATHON,MARATHON NEXTGEN
NSE:SANCO,,SANCO,SANCO IND LTD
NSE:GFLLIMITED,,GFLLIMITED,GFL LTD
NSE:SHIL,,SHIL,SOMANY HOM INNOVATION LTD
NSE:CLSEL,,CLSEL,CHAMAN LAL SETIA EXP LTD
NSE:JKCEMENT,jk-cements,JKCEMENT,JK CEMENTS LTD
NSE:SAKAR,,SAKAR,SAKAR HEALTHCARE L
NSE:SOUTHWEST,,SOUTHWEST,SOUTH WEST PINNACL
NSE:CYIENT,cyient,CYIENT,CYIENT LTD
NSE:IFBIND,ifb-industries,IFBIND,IFB INDUSTRIES LTD
NSE:AURIONPRO,,AURIONPRO,AURIONPRO SOLUTION
NSE:GODFRYPHLP,godfrey-phillips,GODFRYPHLP,GODFREY PHILLIPS
NSE:CREATIVE,,CREATIVE,CREATIVE PERIPHERALS AND
NSE:SELAN,,SELAN,SELAN EXPLORATION
NSE:AIRAN,,AIRAN,AIRAN LTD
NSE:UMANGDAIRY,,UMANGDAIRY,UMANG DAIRIES
NSE:GLAXO,glaxosmithkline,GLAXO,GLAXO SMITHKLINE P
NSE:ASTRON,,ASTRON,ASTRON PAPER & BOA
NSE:AMBIKCO,,AMBIKCO,AMBIKA COTTON MILL
NSE:ANDHRSUGAR,,ANDHRSUGAR,ANDHRA SUGARS
NSE:JAYBARMARU,,JAYBARMARU,JAY BHARAT MARUTI
NSE:BHARATWIRE,,BHARATWIRE,BHARAT WIRE ROPES
NSE:BYKE,,BYKE,THE BYKE HOSPITALI
NSE:CENTENKA,,CENTENKA,CENTURY ENKA
NSE:SKFINDIA,skf,SKFINDIA,SKF INDIA
NSE:KANORICHEM,,KANORICHEM,KANORIA CHEMICALS
NSE:MADHAV,,MADHAV,MADHAV MARB & GRAN
NSE:GALAXYSURF,galaxy-surfactants,GALAXYSURF,GALAXY SURFACTANTS
NSE:HOMEFIRST,,HOMEFIRST,HOME FIRST FIN CO IND LTD
NSE:ANDHRAPAP,,ANDHRAPAP,ANDHRA PAPER LTD
NSE:IZMO,,IZMO,IZMO LTD
NSE:BAJAJHLDNG,bajaj-holdings-and-investment-lt,BAJAJHLDNG,BAJAJ HLDG & INVES
NSE:ORIENTBELL,,ORIENTBELL,ORIENT BELL LTD
NSE:INSECTICID,,INSECTICID,INSECTICIDES INDIA
NSE:GTL,,GTL,GTL LTD
NSE:RSYSTEMS,,RSYSTEMS,R SYSTEMS INTERNAT
NSE:AAKASH,,AAKASH,AAKASH EXPLORATION
NSE:BSL,,BSL,BSL
NSE:MANUGRAPH,,MANUGRAPH,MANUGRAPH INDIA LTD
NSE:MANAKALUCO,,MANAKALUCO,MANAKSIA ALUMINIUM
NSE:ANIKINDS,,ANIKINDS,ANIK INDUSTRIES
NSE:SIMBHALS,,SIMBHALS,SIMBHAOLI SUGARS L
NSE:ZODIACLOTH,,ZODIACLOTH,ZODIAC CLOTH CO
NSE:SURYAROSNI,,SURYAROSNI,SURYA ROSHNI
NSE:CMICABLES,,CMICABLES,CMI
NSE:BIOFILCHEM,,BIOFILCHEM,BIOFIL CHEMICALS &
NSE:JITFINFRA,,JITFINFRA,JITF INFRALOGISTIC
NSE:GOLDIAM,,GOLDIAM,GOLDIAM INTERNATL
NSE:IMPEXFERRO,,IMPEXFERRO,IMPEX FERRO TECH
NSE:RUCHI,ruchi-soya-industries,RUCHI,RUCHI SOYA INDUSTRIES LTD
NSE:JUBLINDS,,JUBLINDS,JUBILANT INDUSTRIE
NSE:ARIHANTSUP,,ARIHANTSUP,ARIHANT SUPERSTRUC
NSE:HERCULES,,HERCULES,HERCULES HOISTS
NSE:SESHAPAPER,,SESHAPAPER,SESHASAYEE PAPER&B
NSE:SIRCA,,SIRCA,SIRCA PAINT INDIA LTD
NSE:JETAIRWAYS,,JETAIRWAYS,JET AIRWAYS INDIA
NSE:AWHCL,,AWHCL,ANTONY WASTE HDG CELL LTD
NSE:ASHIMASYN,,ASHIMASYN,ASHIMA
NSE:EMAMIREAL,,EMAMIREAL,EMAMI REALTY LTD
NSE:CLNINDIA,,CLNINDIA,CLARIANT CHEMICALS
NSE:INGERRAND,,INGERRAND,INGERSOLL RAND
NSE:AAVAS,aavas-financiers,AAVAS,AAVAS FINANCIERS L
NSE:PLASTIBLEN,,PLASTIBLEN,PLASTIBLENDS INDIA
NSE:ITDC,,ITDC,INDIA TOURISM DEV
NSE:ZOTA,,ZOTA,ZOTA HEALTH CARE LTD
NSE:VOLTAMP,,VOLTAMP,VOLTAMP TRANSFORME
NSE:ELGIEQUIP,,ELGIEQUIP,ELGI EQUIPMENT LTD
NSE:JBCHEPHARM,j-b-chemicals-and-ph,JBCHEPHARM,J.B.CHEMICALS & PH
NSE:INFOBEAN,,INFOBEAN,INFOBEANS TECHNO. LTD.
NSE:63MOONS,,63MOONS,63 MOONS TECHNOLOG
NSE:BIRLACORPN,birla,BIRLACORPN,BIRLA CORP
NSE:MEGASOFT,,MEGASOFT,MEGASOFT LTD
NSE:VISASTEEL,,VISASTEEL,VISA STEEL LTD
NSE:VSSL,,VSSL,VARDHMAN SPECIAL S
NSE:SASTASUNDR,,SASTASUNDR,SASTASUNDAR VENTUR
NSE:INDIAMART,,INDIAMART,INDIAMART INTERMESH LTD
NSE:AUTOIND,,AUTOIND,AUTOLINE INDUSTRIE
NSE:INDOTECH,,INDOTECH,INDO TECH TRANFORM
NSE:LINCPEN,,LINCPEN,LINC PEN & PLASTIC
NSE:CERA,,CERA,CERA SANITARYWARE
NSE:DCM,,DCM,D.C.M
NSE:MACPOWER,,MACPOWER,MACPOWER CNC MACHINES LTD
NSE:MALUPAPER,,MALUPAPER,MALU PAPER MILLS
NSE:TREEHOUSE,,TREEHOUSE,TREE HOUSE EDUCATI
NSE:RVHL,,RVHL,RAVINDER HEIGHTS LTD
NSE:BASML,,BASML,BANNARI AMMAN SPIN
NSE:MENONBE,,MENONBE,MENON BEARINGS LTD
NSE:DHANIPP.E1,indiabulls,DHANIPP.E1,DHANI RS.1.10 PPD UP
NSE:ADORWELD,,ADORWELD,ADOR WELDING
NSE:IIFL,iifl,IIFL,IIFL FINANCE LTD
NSE:STOVEKRAFT,,STOVEKRAFT,STOVE KRAFT LTD
NSE:DTIL,,DTIL,DHUNSERI TEA & IND
NSE:SICAGEN,,SICAGEN,SICAGEN INDIA LTD
NSE:EMKAY,,EMKAY,EMKAY GLOBAL FIN
NSE:UNIDT,,UNIDT,UNITED DRILLING TOOLS LTD
NSE:PRIMESECU,,PRIMESECU,PRIME SECURITIES
NSE:CTE,,CTE,CAMBRIDGE TECH ENT
NSE:KARDA,,KARDA,KARDA CONSTRUCTIO.
NSE:RANEENGINE,,RANEENGINE,RANE ENGINE VALVES
NSE:VETO,,VETO,VETO SWITCHGEARS A
NSE:UCALFUEL,,UCALFUEL,UCAL FUEL SYSTEMS
NSE:CINEVISTA,,CINEVISTA,CINEVISTA LTD
NSE:BAJAJELEC,bajaj-electricals,BAJAJELEC,BAJAJ ELECTRICALS
NSE:SILGO,,SILGO,SILGO RETAIL LTD
NSE:ASHIANA,,ASHIANA,ASHIANA HOUSING LD
NSE:MOLDTECH,,MOLDTECH,MOLD-TEK TECHNOLO
NSE:POKARNA,,POKARNA,POKARNA LTD
NSE:TCI,,TCI,TRANSPORT CORP OF
NSE:SUPPETRO,,SUPPETRO,SUPREME PETROCHEM
NSE:INEOSSTYRO,,INEOSSTYRO,INEOS STYROLUTION
NSE:ROSSARI,,ROSSARI,ROSSARI BIOTECH LTD
NSE:SHIVAMILLS,,SHIVAMILLS,SHIVA MILLS LTD
NSE:IFGLEXPOR,,IFGLEXPOR,IFGL EXPORTS LTD
NSE:AMDIND,,AMDIND,AMD INDUSTRIES LTD
NSE:ISGEC,,ISGEC,ISGEC HEAVY ENG LTD
NSE:FAIRCHEMOR,,FAIRCHEMOR,FAIRCHEM ORGANICS LTD
NSE:VINYLINDIA,,VINYLINDIA,VINYL CHEMICALS(IN
NSE:TIJARIA,,TIJARIA,TIJARIA POLYPIPES
NSE:APCOTEXIND,,APCOTEXIND,APCOTEX INDUSTRIES
NSE:SWELECTES,,SWELECTES,SWELECT ENERGY SYS
NSE:ADROITINFO,,ADROITINFO,ADROIT INFOTECH LTD
NSE:BARBEQUE,,BARBEQUE,BARBEQUE NATION HOSP. LTD
NSE:NESTLEIND,nestle,NESTLEIND,NESTLE INDIA
NSE:UNICHEMLAB,,UNICHEMLAB,UNICHEM LABS
NSE:PODDARMENT,,PODDARMENT,PODDAR PIGMENTS
NSE:VENUSREM,,VENUSREM,VENUS REMEDIES LTD
NSE:VINATIORGA,vinati-organics,VINATIORGA,VINATI ORGANICS
NSE:HITECH,,HITECH,HI TECH PIPES LTD
NSE:PODDARHOUS,,PODDARHOUS,PODDAR HOUSING AND
NSE:IIFLWAM,iifl,IIFLWAM,IIFL WEALTH MGMT LTD
NSE:SGL,,SGL,STL GLOBAL LTD
NSE:TATASTLLP,tata,TATASTLLP,TATA STEEL LONG PRO LTD
NSE:KREBSBIO,,KREBSBIO,KREBS BIOCHEM&INDS
NSE:TECHNOE,,TECHNOE,TECHNO ELECTRIC &
NSE:NEOGEN,,NEOGEN,NEOGEN CHEMICALS
NSE:CRAFTSMAN,,CRAFTSMAN,CRAFTSMAN AUTOMATION LTD
NSE:AYMSYNTEX,,AYMSYNTEX,AYM SYNTEX LTD
NSE:ALBERTDAVD,,ALBERTDAVD,ALBERT DAVID
NSE:APARINDS,,APARINDS,APAR INDUSTRY LTD
NSE:DAMODARIND,,DAMODARIND,DAMODAR INDUSTRIES
NSE:SMLISUZU,,SMLISUZU,SML ISUZU LTD
NSE:ALKYLAMINE,alkyl-amines,ALKYLAMINE,ALKYL AMINES
NSE:NDTV,,NDTV,NEW DELHI TELEVISI
NSE:INDORAMA,,INDORAMA,INDO RAMA SYNTHETC
NSE:SHEMAROO,,SHEMAROO,SHEMAROO ENTERTAIN
NSE:RKDL,,RKDL,RAVI KUMAR DISTILL
NSE:KUANTUM,,KUANTUM,KUANTUM PAPERS LTD
NSE:KIRLOSBROS,,KIRLOSBROS,KIRLOSKAR BROTHERS
NSE:SANGINITA,,SANGINITA,SANGINITA CHEMICALS LTD
NSE:KSB,,KSB,KSB LTD
NSE:SUPREMEIND,supreme-industries,SUPREMEIND,SUPREME INDUSTRIES
NSE:RSWM,,RSWM,RSWM LTD
NSE:TANLA,tanla,TANLA,TANLA PLATFORMS L
NSE:CELEBRITY,,CELEBRITY,CELEBRITY FASHIONS
NSE:ASAHIINDIA,,ASAHIINDIA,ASAHI INDIA GLASS
NSE:GULFOILLUB,,GULFOILLUB,GULF OIL LUBRICANT
NSE:GOODYEAR,goodyear-tire-and-rubber,GOODYEAR,GOODYEAR(INDIA)
NSE:PONNIERODE,,PONNIERODE,PONNI SUGARS ERODE
NSE:AARVI,,AARVI,AARVI ENCON LTD
NSE:GRINDWELL,,GRINDWELL,GRINDWELL NORTON
NSE:BALAMINES,balaji-amines,BALAMINES,BALAJI AMINES LTD
NSE:POWERMECH,,POWERMECH,POWER MECH PROJECT
NSE:LINDEINDIA,linde,LINDEINDIA,LINDE INDIA LTD
NSE:MAHLIFE,,MAHLIFE,MAHINDRA LIFESPACE
NSE:ALPA,,ALPA,ALPA LABORATORIES
NSE:MOLDTKPAC,,MOLDTKPAC,MOLD-TEK PACKAGING
NSE:WILLAMAGOR,,WILLAMAGOR,WILLIAMSON MAGOR &
NSE:GENCON,,GENCON,GENERIC ENG CONS PROJ LTD
NSE:DYNPRO,dynemic-products,DYNPRO,DYNEMIC PRODUCTS L
NSE:ICEMAKE,,ICEMAKE,ICE MAKE REFRIGERAT LTD
NSE:SMPL,,SMPL,SPLENDID METAL PRO
NSE:DIAMONDYD,,DIAMONDYD,PRATAAP SNACKS LTD
NSE:TANTIACONS,,TANTIACONS,TANTIA CONSTRUCTIO
NSE:DCMNVL,,DCMNVL,DCM NOUVELLE LTD
NSE:NRAIL,,NRAIL,NR AGARWAL IND
NSE:NDL,,NDL,NANDAN DENIM LTD
NSE:LOKESHMACH,,LOKESHMACH,LOKESH MACHINES
NSE:PAISALO,,PAISALO,PAISALO DIGITAL LTD
NSE:PEARLPOLY,,PEARLPOLY,PEARL POLYMERS
NSE:RAMSARUP,,RAMSARUP,RAMSARUP INDUSTRIE
NSE:PANACHE,,PANACHE,PANACHE DIGILIFE LTD
NSE:ZYDUSWELL,zydus-wellness,ZYDUSWELL,ZYDUS WELLNESS LTD
NSE:AMBICAAGAR,,AMBICAAGAR,AMBICA AGARB AROMA
NSE:RKFORGE,,RKFORGE,RAMKRISHNA FORGINS
NSE:MBAPL,,MBAPL,MADHYA BHARAT AGRO P. LTD
NSE:V2RETAIL,,V2RETAIL,V2 RETAIL LTD
NSE:AJANTPHARM,ajanta-pharma,AJANTPHARM,AJANTA PHARMA
NSE:JOCIL,,JOCIL,JOCIL LTD
NSE:RML,,RML,RANE(MADRAS)LTD
NSE:ANMOL,,ANMOL,ANMOL INDIA LTD
NSE:OMAXAUTO,,OMAXAUTO,OMAX AUTOS LTD
NSE:DALALSTCOM,,DALALSTCOM,DSJ COMMUNICATION
NSE:SHREECEM,shree-cement,SHREECEM,SHREE CEMENT LTD
NSE:SHANTIGEAR,,SHANTIGEAR,SHANTHI GEARS
NSE:VALIANTORG,,VALIANTORG,VALIANT ORGANICS LTD
NSE:MITTAL,,MITTAL,MITTAL LIFE STYLE
NSE:MONTECARLO,,MONTECARLO,MONTE CARLO FASHIO
NSE:NATHBIOGEN,,NATHBIOGEN,NATH BIO-GENES (IN
NSE:ASAHISONG,,ASAHISONG,ASAHI SONGWON COLO
NSE:EMAMIPAP,,EMAMIPAP,EMAMI PAPER MILLS LTD
NSE:RGL,,RGL,RENAISSANCE GLOBAL
NSE:MUTHOOTCAP,,MUTHOOTCAP,MUTHOOT CAPITAL SE
NSE:MUKTAARTS,,MUKTAARTS,MUKTA ARTS
NSE:MUKANDLTD,,MUKANDLTD,MUKAND
NSE:VICEROY,,VICEROY,VICEROY HOTELS LTD
NSE:ONWARDTEC,,ONWARDTEC,ONWARD TECHNO
NSE:ENDURANCE,endurance-technologies,ENDURANCE,ENDURANCE TECH
NSE:SUPREMEENG,,SUPREMEENG,SUPREME ENGINEERING LTD
NSE:PRAXIS,,PRAXIS,PRAXIS HOME RETAIL
NSE:BANSWRAS,,BANSWRAS,BANSWARA SYNTEX
NSE:NIRAJ,,NIRAJ,NIRAJ CEMENT STRUC LTD
NSE:BOSCHLTD,bosch,BOSCHLTD,BOSCH LTD
NSE:INSPIRISYS,,INSPIRISYS,INSPIRISYS SOLUTIO
NSE:VISAKAIND,,VISAKAIND,VISAKA IND
NSE:INCREDIBLE,,INCREDIBLE,INCREDIBLE INDUSTRIES LTD
NSE:MOHITIND,,MOHITIND,MOHIT INDUSTRIES
NSE:HEXATRADEX,,HEXATRADEX,HEXA TRADEX LTD
NSE:BALPHARMA,,BALPHARMA,BAL PHARMA
NSE:AGARIND,,AGARIND,AGARWAL INDUSTRIAL
NSE:DELTAMAGNT,,DELTAMAGNT,DELTA MFG LTD
NSE:EXPLEOSOL,,EXPLEOSOL,EXPLEO SOLUTIONS
NSE:GMMPFAUDLR,gmm-pfaudler,GMMPFAUDLR,GMM PFAUDLER LTD
NSE:CHEMBOND,,CHEMBOND,CHEMBOND CHEMICALS LTD
NSE:ALPHAGEO,,ALPHAGEO,ALPHAGEO(INDIA)
NSE:AUSOMENT,,AUSOMENT,AUSOM ENTERPRISE
NSE:SOTL,,SOTL,SAVITA OIL TECHNOL
NSE:ATUL,atul,ATUL,ATUL LTD
NSE:NAGREEKEXP,,NAGREEKEXP,NAGREEKA EXPORTS
NSE:SEYAIND,,SEYAIND,SEYA INDUSTRIES LTD
NSE:MMFL,,MMFL,M.M. FORGINGS
NSE:VADILALIND,,VADILALIND,VADILAL INDUSTRIES
NSE:CYBERMEDIA,,CYBERMEDIA,CYBER MEDIA (INDIA
NSE:MAHESHWARI,,MAHESHWARI,MAHESHWARI LOGISTI
NSE:MAANALU,,MAANALU,MAAN ALUMINIUM LTD
NSE:JBMA,,JBMA,JBM AUTO LTD
NSE:HITECHCORP,,HITECHCORP,HITECH CORPORATION
NSE:PNC,,PNC,PRITISH NANDY COMM
NSE:TNTELE,,TNTELE,TAMILNADU TELECOMM
NSE:TCNSBRANDS,tcns-clothing,TCNSBRANDS,TCNS CLOTHING CO L
NSE:MMP,,MMP,MMP INDUSTRIES LTD
NSE:WEIZMANIND,,WEIZMANIND,WEIZMANN
NSE:STEELCITY,,STEELCITY,STEEL CITY SECURIT
NSE:MATRIMONY,,MATRIMONY,MATRIMONY COM LTD
NSE:KPRMILL,,KPRMILL,KPR MILL LTD
NSE:SAKSOFT,,SAKSOFT,SAKSOFT LTD
NSE:ARCHIDPLY,,ARCHIDPLY,ARCHIDPLY IND LTD
NSE:INDNIPPON,,INDNIPPON,INDIA NIPPON ELECT
NSE:FIEMIND,fiem-industries,FIEMIND,FIEM INDUSTRIES LTD
NSE:SFL,,SFL,SHEELA FOAM LTD
NSE:KANPRPLA,,KANPRPLA,KANPUR PLASTIPACK LTD
NSE:BROOKS,,BROOKS,BROOKS LAB LTD
NSE:CONSOFINVT,,CONSOFINVT,CONSOLIDATED FINVE
NSE:SALASAR,,SALASAR,SALASAR TECHNO ENG
NSE:DALBHARAT,dalmia-bharat,DALBHARAT,DALMIA BHARAT LTD
NSE:ANUP,,ANUP,THE ANUP ENGINEERI
NSE:AMRUTANJAN,amrutanjan-health-care,AMRUTANJAN,AMRUTANJAN HEALTH
NSE:VINDHYATEL,,VINDHYATEL,VINDHYA TELELINKS
NSE:PALREDTEC,,PALREDTEC,PALRED TECHNOLOGIE
NSE:RAMASTEEL,,RAMASTEEL,RAMA STEEL TUBES
NSE:CLEDUCATE,,CLEDUCATE,CL EDUCATE LTD
NSE:SUULD,,SUULD,SUUMAYA LIFESTYLE LTD
NSE:AFFLE,,AFFLE,AFFLE (INDIA) LTD
NSE:TEAMLEASE,,TEAMLEASE,TEAMLEASE SERVICES
NSE:FORCEMOT,force-motors,FORCEMOT,FORCE MOTORS LTD
NSE:SUNDARMFIN,,SUNDARMFIN,SUNDARAM FINANCE L
NSE:LAMBODHARA,,LAMBODHARA,LAMBODHARA TEXTILE
NSE:MOTOGENFIN,,MOTOGENFIN,MOTOR & GEN FINANC
NSE:GLOBE,,GLOBE,GLOBE TEXTILES (I) LTD.
NSE:KARMAENG,,KARMAENG,KARMA ENERGY LTD
NSE:ASIANHOTNR,,ASIANHOTNR,ASIAN HOTELS(NORTH
NSE:TMRVL,,TMRVL,THE MANDHANA RETAI
NSE:MORARJEE,,MORARJEE,MORARJEE TEXTILES
NSE:RAJTV,,RAJTV,RAJ TEL NETWORK
NSE:AHLWEST,,AHLWEST,ASIAN HOTELS (WEST
NSE:SRHHYPOLTD,,SRHHYPOLTD,SREE RAYALASEEMA H
NSE:SAFARI,,SAFARI,SAFARI IND (INDIA) LTD
NSE:ACCURACY,,ACCURACY,ACCURACY SHIPPING LTD
NSE:PRECOT,,PRECOT,PRECOT LTD
NSE:RUSHIL,,RUSHIL,RUSHIL DECOR LTD
NSE:BBL,,BBL,BHARAT BIJLEE
NSE:WANBURY,,WANBURY,WANBURY LTD
NSE:SOMANYCERA,somany-ceramics,SOMANYCERA,SOMANY CERAMICS LD
NSE:ASALCBR,,ASALCBR,ASSO ALCOHOLS & BREW LTD
NSE:IVP,,IVP,IVP LTD
NSE:SUNDRMBRAK,,SUNDRMBRAK,SUNDARAM BRAKE LIN
NSE:THERMAX,thermax,THERMAX,THERMAX
NSE:AARTISURF,,AARTISURF,AARTI SURFACTANTS LTD
NSE:ORISSAMINE,,ORISSAMINE,ORISSA MINERALS DE
NSE:SUPERHOUSE,,SUPERHOUSE,SUPERHOUSE LTD
NSE:LOVABLE,,LOVABLE,LOVABLE LINGERIE L
NSE:HLEGLAS,,HLEGLAS,HLE GLASCOAT LTD
NSE:VESUVIUS,,VESUVIUS,VESUVIUS INDIA
NSE:SALONA,,SALONA,SALONA COTSPIN
NSE:GLOBALVECT,,GLOBALVECT,GLOBAL VECTRA HELI
NSE:MANGTIMBER,,MANGTIMBER,MANGALAM TIMBER
NSE:KDDL,,KDDL,KDDL LTD
NSE:GENESYS,,GENESYS,GENESYS INTL
NSE:BHAGYAPROP,,BHAGYAPROP,BHAGYANAGAR PROPPE
NSE:SAGARDEEP,,SAGARDEEP,SAGARDEEP ALLOYS L
NSE:DBSTOCKBRO,,DBSTOCKBRO,DB INTL STOCK BROK
NSE:CUBEXTUB,,CUBEXTUB,CUBEX TUBINGS
NSE:FINEORG,fine-organic-ind,FINEORG,FINE ORGANIC IND
NSE:UNIENTER,,UNIENTER,UNIPHOS ENTERPRISE
NSE:S_SPOWER,,S_SPOWER,S & S POWER SWITCH
NSE:HBSL,,HBSL,HB STOCKHOLDINGS
NSE:SURYALAXMI,,SURYALAXMI,SURYALAKSHMI COTTO
NSE:WHEELS,,WHEELS,WHEELS INDIA LTD
NSE:OPTIEMUS,,OPTIEMUS,OPTIEMUS INFRACOM
NSE:KEERTI,,KEERTI,KEERTI KNOW & SKILL LTD.
NSE:ADFFOODS,adf-foods,ADFFOODS,ADF FOODS LTD
NSE:SHAREINDIA,,SHAREINDIA,SHARE IND. SECURITIES LTD
NSE:KAUSHALYA,,KAUSHALYA,KAUSHALYA INFRASTR
NSE:SSWL,,SSWL,STEEL STRIPS WHEEL
NSE:THANGAMAYL,,THANGAMAYL,THANGAMAYIL JEWELL
NSE:OCCL,,OCCL,ORIENTAL CARB & CH
NSE:APOLLOPIPE,,APOLLOPIPE,APOLLO PIPES LTD
NSE:SAGCEM,,SAGCEM,SAGAR CEMENTS
NSE:ESABINDIA,,ESABINDIA,ESAB INDIA
NSE:ASTRAZEN,astrazeneca,ASTRAZEN,ASTRAZENECA PHARMA
NSE:IRISDOREME,,IRISDOREME,IRIS CLOTHINGS LTD
NSE:SIL,,SIL,STANDARD INDS
NSE:PATSPINLTD,,PATSPINLTD,PATSPIN INDIA
NSE:TOUCHWOOD,,TOUCHWOOD,TOUCHWOOD ENTERTAI
NSE:MASFIN,,MASFIN,MAS FINANCIAL SERV
NSE:RUBYMILLS,,RUBYMILLS,RUBY MILLS
NSE:GOLDENTOBC,,GOLDENTOBC,GOLDEN TOBACCO LTD
NSE:NEULANDLAB,neuland-laboritie,NEULANDLAB,NEULAND LABORITIE
NSE:REMSONSIND,,REMSONSIND,REMSONS INDS
NSE:DHARSUGAR,,DHARSUGAR,DHARANI SUGAR & CH
NSE:AIAENG,aia-engineering,AIAENG,AIA ENGINEERING
NSE:BLUEDART,blue-dart-express,BLUEDART,BLUE DART EXPRESS
NSE:SHRIRAMCIT,,SHRIRAMCIT,SHRIRAM CITY UNION
NSE:NIBL,,NIBL,NRB INDUSTRIAL BEA
NSE:TTL,,TTL,TT LTD
NSE:ARROWGREEN,,ARROWGREEN,ARROW GREENTECH LI
NSE:RATNAMANI,,RATNAMANI,RATNAMANI MET &TBS
NSE:ASAL,,ASAL,AUTOMOTIVE STAMPIN
NSE:CENTUM,,CENTUM,CENTUM ELECTRONICS
NSE:TIIL,,TIIL,TECHNOCRAFT INDUST
NSE:PAGEIND,page-industries,PAGEIND,PAGE INDUSTRIES LTD
NSE:MOKSH,,MOKSH,MOKSH ORNAMENTS LTD
NSE:SINTERCOM,,SINTERCOM,SINTERCOM INDIA LTD
NSE:AKZOINDIA,,AKZOINDIA,AKZO NOBEL INDIA
NSE:3PLAND,,3PLAND,3P LAND HOLDINGS L
NSE:SASKEN,,SASKEN,SASKEN TECHNOLOGIE
NSE:XELPMOC,,XELPMOC,XELPMOC DESIGN AND
NSE:ICRA,,ICRA,ICRA LTD
NSE:KINGFA,,KINGFA,KINGFA SCIENCE & T
NSE:VASWANI,,VASWANI,VASWANI INDUSTRIES
NSE:TIDEWATER,,TIDEWATER,TIDE WATER OIL (IN
NSE:VSTTILLERS,vst-tillers-tract,VSTTILLERS,VST TILLERS TRACT
NSE:RKEC,,RKEC,RKEC PROJECTS LTD
NSE:THEMISMED,,THEMISMED,THEMIS MEDICARE LTD
NSE:BUTTERFLY,,BUTTERFLY,BUTTERFLY GANDHIMA
NSE:NILKAMAL,nilkamal,NILKAMAL,NILKAMAL LTD
NSE:TVSSRICHAK,,TVSSRICHAK,TVS SRICHAKRA LTD
NSE:ARSSINFRA,,ARSSINFRA,ARSS INFRASTRUCTUR
NSE:METALFORGE,,METALFORGE,METALYST FORGINGS
NSE:HOVS,,HOVS,HOV SERVICES LTD
NSE:MAHSCOOTER,,MAHSCOOTER,MAHARASHTRA SCOOT
NSE:INFOMEDIA,,INFOMEDIA,INFOMEDIA PRESS LI
NSE:DPABHUSHAN,,DPABHUSHAN,D. P. ABHUSHAN LTD
NSE:PREMEXPLN,,PREMEXPLN,PREMIER EXPLOSIVES
NSE:ARIHANT,,ARIHANT,ARIHANT FOUNDATION
NSE:MPSLTD,,MPSLTD,MPS LTD
NSE:MRF,mrf,MRF,MRF LTD
NSE:SANGAMIND,,SANGAMIND,SANGAM INDIA
NSE:HONDAPOWER,honda,HONDAPOWER,HONDA INDIA POWER
NSE:THEINVEST,,THEINVEST,THE INVESTMENT TRU
NSE:VMART,v-mart-retail,VMART,V-MART RETAIL LTD
NSE:OAL,,OAL,ORIENTAL AROMATICS LTD
NSE:KILITCH,,KILITCH,KILITCH DRUGS(INDI
NSE:TTKHLTCARE,,TTKHLTCARE,TTK HEALTHCARE
NSE:BASF,basf,BASF,BASF INDIA
NSE:SABEVENTS,,SABEVENTS,SAB EVENTS & GOV N
NSE:JMA,,JMA,JULLUNDUR MOTOR AG
NSE:POWERINDIA,,POWERINDIA,ABB POWER PRODUCTS
NSE:BIL,,BIL,BHARATIYA INTL LTD
NSE:PALASHSECU,,PALASHSECU,PALASH SECURITIES
NSE:EIHAHOTELS,,EIHAHOTELS,EIH ASSOC HOTELS
NSE:GLOBAL,,GLOBAL,GLOBAL EDUCATION LTD
NSE:ASTEC,,ASTEC,ASTEC LIFESCIENCES
NSE:LOTUSEYE,,LOTUSEYE,LOTUS EYE HOSPITA
NSE:RBL,rane-brake-lining,RBL,RANE BRAKE LINING
NSE:AGRITECH,,AGRITECH,AGRI-TECH (INDIA)
NSE:PREMIERPOL,,PREMIERPOL,PREMIER POLYFILM L
NSE:GEEKAYWIRE,,GEEKAYWIRE,GEEKAY WIRES LTD
NSE:MARALOVER,,MARALOVER,MARAL OVERSEAS
NSE:CAPTRUST,,CAPTRUST,CAPITAL TRUST LTD.
NSE:LUMAXIND,,LUMAXIND,LUMAX INDUSTRIES
NSE:EXCELINDUS,,EXCELINDUS,EXCEL INDUSTRIES
NSE:VISHNU,,VISHNU,VISHNU CHEMICALS L
NSE:SMSLIFE,,SMSLIFE,SMS LIFESCIENCES
NSE:KERNEX,,KERNEX,KERNEX MICROSYSTEM
NSE:PILANIINVS,,PILANIINVS,PILANI INVESTMENT
NSE:HILTON,,HILTON,HILTON METAL FORGI
NSE:SHARDAMOTR,,SHARDAMOTR,SHARDA MOTOR INDUS
NSE:PREMIER,premier,PREMIER,PREMIER LTD
NSE:ABFRLPP1.E1,aditya-birla-fash,ABFRLPP1.E1,ADITYA BIRLA RS7.5 PPD UP
NSE:TOKYOPLAST,,TOKYOPLAST,TOKYO PLAST INTL
NSE:BAFNAPH,,BAFNAPH,BAFNA PHARMACEUTICALS LTD
NSE:REPL,,REPL,RUDRABHISHEK ENTERP LTD
NSE:GANDHITUBE,,GANDHITUBE,GANDHI SPECIAL TUB
NSE:DICIND,,DICIND,DIC INDIA
NSE:SILLYMONKS,,SILLYMONKS,SILLY MONKS ENTERTAIN LTD
NSE:AHLUCONT,,AHLUCONT,AHLUWALIA CONT LTD
NSE:HITECHGEAR,,HITECHGEAR,THE HI-TECH GEARS
NSE:DENORA,,DENORA,DE NORA INDIA
NSE:KICL,,KICL,KALYANI INVESTMENT
NSE:JASH,,JASH,JASH ENGINEERING LTD
NSE:NURECA,,NURECA,NURECA LTD
NSE:SHRADHA,,SHRADHA,SHRADHA INFRAPROJECTS LTD
NSE:AARVEEDEN,,AARVEEDEN,AARVEE DENIMS & EX
NSE:DNAMEDIA,,DNAMEDIA,DILIGENT MEDIA COR
NSE:HOTELRUGBY,,HOTELRUGBY,HOTEL RUGBY LTD
NSE:GARFIBRES,garware-technical-fibres,GARFIBRES,GARWARE TECHNICAL
NSE:UNIVPHOTO,,UNIVPHOTO,UNIVERSUS IMAGINGS LTD
NSE:KALYANIFRG,,KALYANIFRG,KALYANI FORGE
NSE:BANG,,BANG,BANG OVERSEAS LTD
NSE:HESTERBIO,,HESTERBIO,HESTER BIOSCIENCES
NSE:SANOFI,sanofi,SANOFI,SANOFI INDIA LTD
NSE:SUNCLAYLTD,,SUNCLAYLTD,SUNDARAM CLAYTON
NSE:CHEMFAB,,CHEMFAB,CHEMFAB ALKALIS
NSE:ALMONDZ,,ALMONDZ,ALMONDZ GLOBAL SEC
NSE:ADVANIHOTR,,ADVANIHOTR,ADVANI HOTELS & RE
NSE:LAXMIMACH,lakshmi-machine-works,LAXMIMACH,LAKSHMI MACHINE
NSE:DYNAMATECH,,DYNAMATECH,DYNAMATIC TECHNOLO
NSE:REPRO,,REPRO,REPRO INDIA LTD
NSE:PGHL,procter-and-gamble,PGHL,PROCTER & GAMBLE HEALTH L
NSE:CREST,,CREST,CREST VENTURES
NSE:GILLETTE,gillette-india,GILLETTE,GILLETTE INDIA LTD
NSE:ASPINWALL,,ASPINWALL,ASPINWALL AND COMP
NSE:BANARBEADS,,BANARBEADS,BANARAS BEADS LTD
NSE:NDRAUTO,,NDRAUTO,NDR AUTO COMPONENTS LTD
NSE:KIRLOSIND,,KIRLOSIND,KIRLOSKAR IND LTD
NSE:BIGBLOC,,BIGBLOC,BIGBLOC CONSTRUCTI
NSE:VHL,,VHL,VARDHAMAN HOLDINGS
NSE:ZODJRDMKJ,,ZODJRDMKJ,ZODIAC JRD-MKJ
NSE:GUJAPOLLO,,GUJAPOLLO,GUJARAT APOLLO IND
NSE:ABBOTINDIA,abbott,ABBOTINDIA,ABBOTT INDIA LTD
NSE:BANKA,,BANKA,BANKA BIOLOO LTD
NSE:SCHAEFFLER,,SCHAEFFLER,SCHAEFFLER INDIA L
NSE:SHIVATEX,,SHIVATEX,SHIVA TEXYARN LTD
NSE:TIL,,TIL,TIL
NSE:BVCL,,BVCL,BARAK VALLEY CEMEN
NSE:ROML,,ROML,RAJ OIL MILLS LTD
NSE:VSTIND,,VSTIND,VST INDUSTRIES
NSE:SAREGAMA,,SAREGAMA,SAREGAMA INDIA LTD
NSE:RAJRATAN,,RAJRATAN,RAJRATAN GLOBAL WIRE LTD
NSE:NXTDIGITAL,,NXTDIGITAL,NXTDIGITAL LTD
NSE:FLEXITUFF,,FLEXITUFF,FLEXITUFF VENTURES
NSE:NIPPOBATRY,,NIPPOBATRY,INDO NATIONAL LTD
NSE:MAZDA,,MAZDA,MAZDA LTD
NSE:BESTAGRO,,BESTAGRO,BEST AGROLIFE LTD
NSE:CONTROLPR,,CONTROLPR,CONTROL PRINT LTD
NSE:HIL,,HIL,HIL LTD
NSE:DANGEE,,DANGEE,DANGEE DUMS LTD
NSE:TIMESGTY,,TIMESGTY,TIMES GUARANTY
NSE:SATINPP1.E1,,SATINPP1.E1,SATIN RS.7.50 PPD UP
NSE:ICICIBANKN,,ICICIBANKN,ICICI PRUDENTIAL M
NSE:ALICON,,ALICON,ALICON CASTALLOY L
NSE:MCL,,MCL,MADHAV COPPER LTD
NSE:AKG,,AKG,AKG EXIM LTD
NSE:SEAMECLTD,,SEAMECLTD,SEAMEC LTD
NSE:GANECOS,,GANECOS,GANESHA ECOSPHERE
NSE:TTKPRESTIG,,TTKPRESTIG,TTK PRESTIGE
NSE:TIPSINDLTD,,TIPSINDLTD,TIPS INDUSTRIES
NSE:SWARAJENG,,SWARAJENG,SWARAJ ENGINES
NSE:HNDFDS,,HNDFDS,HINDUSTAN FOODS LTD
NSE:ARMANFIN,,ARMANFIN,ARMAN FINANCIAL SE
NSE:ORCHPHARMA,,ORCHPHARMA,ORCHID PHARMA LTD
NSE:GREENLAM,,GREENLAM,GREENLAM INDUSTRIE
NSE:ATFL,,ATFL,AGRO TECH FOODS
NSE:HONAUT,honeywell,HONAUT,HONEYWELL AUTO IND
NSE:AGCNET,,AGCNET,AGC NETWORKS LTD
NSE:PGHH,procter-and-gamble,PGHH,PROCTER&GAMBLE IND
NSE:WABCOINDIA,wabco,WABCOINDIA,WABCO INDIA LTD
NSE:JSWHL,,JSWHL,JSW HOLDINGS LTD
NSE:TASTYBITE,,TASTYBITE,TASTY BITE EATABLE
NSE:BHARATRAS,bharat-rasayan,BHARATRAS,BHARAT RASAYAN LTD
NSE:3MINDIA,3m,3MINDIA,3M INDIA LTD
